30000
-2147394314
-2146922444
-2146900813
-2146719030
-2146639327
-2146603782
-2146577386
-2146227049
-2145474441
-2145351909
-2145329691
-2145288046
-2144614215
-2143990837
-2143944262
-2143599763
-2143421339
-2142987364
-2142698246
-2142590524
-2142562801
-2142487175
-2142204662
-2141993211
-2141810572
-2141646791
-2141110258
-2141036260
-2140744076
-2140575059
-2140463006
-2140194158
-2140032917
-2140015360
-2139931884
-2139877974
-2139675365
-2139273835
-2139177459
-2138972737
-2138558101
-2138515028
-2138348557
-2137954285
-2137494863
-2136351068
-2136105518
-2135960957
-2135789934
-2135730387
-2135658025
-2135650354
-2135455843
-2135066248
-2134897964
-2134890619
-2134713902
-2134528590
-2134501592
-2134351843
-2134255682
-2134243156
-2134142349
-2132080104
-2131997370
-2131344570
-2131081712
-2130830456
-2130688277
-2130539667
-2130482600
-2130287081
-2129891075
-2129829005
-2129783806
-2129673162
-2129471349
-2128769974
-2128715296
-2128345660
-2128309131
-2128103936
-2128060186
-2128051098
-2128050010
-2127969074
-2126969501
-2126718685
-2126480772
-2126369307
-2126217419
-2126147505
-2126101728
-2126000074
-2125161250
-2125026652
-2124939817
-2124530352
-2123925028
-2123647587
-2122867288
-2122755413
-2122747256
-2122577564
-2121912632
-2121621153
-2121279376
-2120913470
-2120782924
-2120707377
-2120686717
-2120644674
-2120367791
-2120157195
-2120082870
-2119763758
-2119722631
-2119623130
-2119622091
-2119331241
-2119063723
-2118864686
-2118504337
-2118448604
-2118409098
-2117815663
-2117770013
-2117761903
-2117435333
-2117234802
-2117227819
-2117149365
-2117144017
-2117113298
-2116983734
-2116767536
-2116495588
-2116245016
-2115640620
-2115563980
-2115464226
-2115362818
-2115324735
-2115316512
-2115008046
-2114873200
-2114841416
-2114767070
-2114505856
-2114277389
-2114258415
-2114127236
-2113097719
-2113095963
-2112761786
-2112612469
-2112509744
-2112497246
-2111782486
-2111771303
-2111713246
-2111702008
-2111352149
-2111051171
-2111012383
-2110561767
-2109642123
-2109498757
-2109468201
-2108914445
-2108751829
-2108673069
-2108539714
-2108518476
-2108380455
-2108329014
-2108130925
-2108112426
-2108084203
-2107995134
-2107991851
-2107534945
-2107252552
-2107135215
-2106992896
-2106901812
-2106842927
-2106741709
-2106670490
-2106665660
-2106508636
-2105892321
-2105605502
-2105401123
-2105279655
-2105260452
-2104967290
-2104538061
-2104366322
-2104355139
-2104092109
-2103789720
-2103699679
-2103587531
-2103309371
-2103257029
-2103128006
-2103067875
-2103062294
-2102614350
-2102379415
-2102214017
-2102123495
-2101903315
-2101487876
-2101346245
-2101054860
-2100736880
-2100294014
-2100268148
-2100160758
-2100116055
-2100033800
-2099982261
-2099709980
-2099457147
-2099433615
-2099354715
-2099253083
-2098997886
-2098945195
-2098881285
-2098873783
-2098790651
-2098684952
-2098594632
-2098438467
-2097918200
-2097891830
-2097653311
-2097229225
-2096989646
-2096989503
-2096768256
-2096605836
-2096308586
-2096088489
-2095806104
-2095405823
-2095135480
-2095068921
-2094932756
-2094638143
-2094310816
-2094282821
-2094163736
-2094059887
-2093695352
-2093649288
-2093409377
-2093407155
-2093293731
-2093004175
-2092828930
-2092681294
-2092646142
-2092507205
-2092213436
-2091830342
-2091499428
-2091462774
-2091266715
-2090767207
-2090733934
-2090704003
-2090301303
-2090004259
-2089749009
-2089741506
-2089621055
-2089052099
-2088820116
-2088766408
-2088688873
-2088295126
-2088266633
-2088183536
-2088012204
-2088004334
-2087774244
-2087710472
-2087579841
-2087520426
-2087264904
-2087199632
-2086729108
-2086680913
-2086567032
-2086538385
-2086415640
-2086278258
-2086251976
-2086193316
-2085935989
-2085416229
-2085388857
-2085096848
-2085082843
-2085061642
-2085050375
-2085029772
-2084951626
-2084944131
-2084864853
-2084549971
-2084229778
-2083183837
-2083136094
-2083036462
-2083022401
-2082611474
-2082405477
-2082374591
-2082098319
-2081782666
-2081654126
-2081576409
-2081210566
-2080674326
-2080526454
-2080472443
-2080303558
-2080274466
-2080034735
-2079456871
-2079308828
-2079012758
-2078567816
-2077597827
-2077282269
-2077115559
-2077080424
-2077017012
-2076569075
-2076199627
-2076166906
-2075348838
-2075169481
-2074805264
-2074542848
-2074283105
-2074203122
-2074110768
-2074069430
-2074066208
-2073807906
-2073748111
-2073687082
-2073683543
-2073616656
-2073492924
-2072948925
-2072858433
-2072712243
-2072585504
-2072405682
-2072258947
-2072026234
-2071851151
-2071800857
-2071723173
-2071470270
-2071365414
-2071264172
-2071057119
-2070827520
-2070200203
-2069419216
-2069417575
-2069367492
-2068947037
-2068187208
-2067999177
-2067538533
-2067372560
-2066860649
-2066767319
-2066732712
-2066630557
-2066571085
-2066543396
-2066442673
-2066351666
-2066120473
-2066070254
-2065918839
-2065252595
-2065012106
-2064730430
-2064703007
-2064663302
-2064348639
-2064207662
-2064196151
-2063941268
-2063924458
-2063852019
-2063550595
-2063200107
-2063086154
-2062869695
-2062610135
-2062322663
-2062211027
-2062128978
-2062056947
-2061865074
-2061863905
-2061800413
-2061746407
-2061506231
-2061422629
-2061390475
-2061314469
-2061293927
-2061233584
-2061163469
-2060828454
-2060293710
-2060174427
-2059876591
-2059212625
-2059008363
-2058968468
-2058614116
-2058552067
-2058162279
-2057987490
-2057921068
-2057892969
-2057891226
-2057626640
-2057391483
-2057381095
-2057291924
-2057057384
-2056921805
-2056832972
-2056804436
-2056642743
-2056617979
-2056234859
-2056088019
-2055595543
-2055399128
-2055373191
-2054660617
-2054480106
-2054476868
-2054215754
-2053701067
-2053375511
-2053246713
-2053221556
-2053081304
-2052790675
-2052610173
-2052536946
-2052249635
-2052057851
-2051959340
-2051396259
-2051181941
-2051166811
-2050910088
-2050855616
-2050066894
-2049930578
-2049436376
-2049370652
-2048500790
-2048497333
-2048244855
-2048223388
-2047868468
-2047742342
-2047516905
-2047509385
-2047504496
-2047463395
-2047238771
-2047219345
-2047170671
-2046883878
-2046858006
-2046802330
-2046642760
-2046431652
-2046275291
-2046086693
-2046032752
-2045988068
-2045866761
-2045228979
-2044803547
-2044474551
-2044094437
-2044057603
-2043779608
-2043631465
-2043483058
-2043256789
-2043027994
-2042952944
-2042938580
-2042838930
-2042738581
-2042563377
-2042277844
-2042179309
-2042104053
-2041905346
-2041689859
-2041558112
-2041011451
-2040646970
-2040604583
-2040450497
-2040260306
-2040008539
-2039125682
-2038760762
-2038633443
-2038589025
-2038285254
-2038258027
-2038001384
-2037942740
-2037623807
-2037597903
-2037140015
-2037137550
-2036967189
-2036677543
-2036544804
-2036308628
-2036281518
-2036206664
-2035917755
-2035812110
-2035579581
-2035370922
-2035283189
-2035075990
-2034556538
-2034376267
-2034356723
-2034280889
-2034023175
-2033467904
-2033458332
-2033091154
-2033008559
-2032895396
-2032622020
-2032493018
-2032106771
-2032073122
-2031954699
-2031611436
-2031560701
-2030274556
-2030185389
-2030008058
-2029887794
-2029749777
-2028999721
-2028796796
-2028646642
-2028466104
-2027680469
-2027638710
-2027533244
-2027303406
-2027284480
-2026971567
-2026863917
-2026851755
-2026812818
-2026655218
-2026622308
-2026554303
-2026020162
-2025666026
-2025509009
-2025476802
-2024520996
-2024500329
-2024396856
-2024308733
-2024183719
-2023982690
-2023840552
-2023656360
-2023573157
-2023337638
-2022964755
-2022395330
-2021660002
-2021477782
-2021398916
-2021363225
-2021254316
-2020813583
-2020588907
-2020506349
-2020465708
-2020284866
-2020170088
-2019888095
-2019692402
-2019440717
-2019133494
-2019040201
-2018820413
-2018659409
-2018452256
-2018180699
-2018033319
-2017291049
-2017014086
-2016921399
-2016675152
-2016650212
-2016553031
-2015973810
-2015820834
-2015690878
-2015445336
-2015356956
-2015200141
-2015195013
-2015117670
-2014968098
-2014948919
-2014837641
-2014651634
-2014245444
-2014223784
-2014126252
-2013951758
-2013806776
-2013332614
-2013302472
-2013185383
-2012756995
-2012563055
-2012490201
-2012253111
-2012083923
-2011976324
-2011804730
-2011702304
-2011412450
-2011288295
-2011180601
-2011073513
-2011001751
-2010904490
-2010875291
-2010838530
-2010743425
-2010668225
-2010648366
-2010408157
-2010303590
-2010215936
-2010194483
-2010139053
-2010065891
-2009878659
-2009832060
-2009699544
-2009486052
-2009007200
-2008835542
-2008828442
-2008773810
-2008702436
-2008198620
-2008026183
-2007697399
-2007645876
-2007489067
-2007123775
-2007117907
-2006892047
-2006776838
-2006048748
-2005321431
-2005138465
-2005112435
-2004984203
-2004386186
-2004088268
-2003819387
-2003771075
-2003761212
-2003573081
-2003355839
-2003237411
-2001951920
-2001682478
-2001618863
-2001460668
-2001395824
-2001265401
-2001067152
-2001035045
-1999940043
-1999590894
-1999543200
-1999037271
-1998840665
-1998732336
-1998718445
-1998561461
-1998275083
-1998164952
-1998049636
-1998036617
-1998012914
-1997776812
-1997652324
-1997113805
-1996639699
-1996034515
-1995192475
-1995117330
-1995066656
-1994814417
-1994590619
-1994405663
-1994057574
-1993987932
-1993545911
-1993512208
-1993212303
-1993134567
-1992942391
-1992942064
-1992661483
-1992538026
-1992375961
-1992019577
-1991723763
-1991162279
-1990437655
-1990419094
-1990386310
-1990146006
-1990010974
-1989987132
-1989619666
-1989582765
-1989323132
-1989179874
-1988823531
-1988724812
-1988622132
-1988465386
-1988216313
-1988086101
-1987491253
-1987073317
-1987026390
-1986954856
-1986916894
-1986870857
-1986445359
-1986432809
-1986415412
-1986160438
-1986047731
-1985006509
-1984686088
-1984619657
-1984401210
-1984281062
-1984122065
-1983830189
-1983581135
-1983549875
-1983372629
-1983269721
-1982884541
-1982840721
-1982587457
-1982450608
-1982003474
-1981932072
-1981295622
-1980783277
-1980548772
-1980541966
-1980028861
-1979989160
-1979857454
-1979785002
-1979410292
-1979219770
-1979114413
-1978706481
-1978678831
-1978635676
-1978607647
-1978439890
-1978426238
-1978351083
-1978284074
-1978124878
-1977934388
-1977907415
-1976818071
-1976703005
-1976318420
-1976145125
-1975974847
-1975738466
-1975714059
-1975418130
-1974540839
-1974474352
-1974277181
-1973929281
-1973390052
-1973095328
-1973067905
-1972666747
-1972585048
-1972249961
-1972231602
-1972096544
-1971928597
-1971505856
-1971478109
-1970657161
-1970564563
-1969732352
-1969515598
-1969486898
-1969281265
-1967929242
-1967730100
-1967301936
-1967178570
-1966901786
-1966705168
-1966636132
-1965899219
-1965457460
-1965445186
-1965415708
-1965135190
-1964968342
-1964352251
-1964034466
-1964025065
-1963786462
-1963732162
-1963534738
-1963534720
-1963199063
-1963118295
-1963010338
-1962672038
-1962325404
-1962128654
-1961670009
-1961334642
-1961241762
-1960769816
-1960653532
-1960615016
-1960522826
-1960260627
-1959587170
-1959490086
-1959188995
-1959153502
-1959148298
-1959036023
-1958769898
-1958283353
-1958053527
-1958050576
-1957853682
-1957204580
-1956859934
-1956454676
-1955394598
-1955280884
-1955258314
-1954929154
-1954727637
-1954647156
-1953653586
-1953118634
-1953079303
-1952849294
-1952816143
-1952756326
-1952476821
-1951740045
-1951501595
-1951398436
-1951382693
-1951382026
-1951176946
-1950294507
-1949280945
-1949211914
-1948903324
-1948703087
-1948406895
-1948369131
-1948278012
-1948102926
-1948087865
-1947784402
-1947535805
-1947534779
-1947441052
-1946715383
-1946691852
-1946691710
-1946675413
-1946672897
-1946633115
-1946584686
-1946560365
-1946510334
-1946482845
-1946389120
-1946322096
-1946121521
-1945987134
-1945764938
-1945545789
-1945005761
-1944849670
-1944732276
-1944484025
-1943919280
-1943633635
-1943443236
-1942983757
-1942895214
-1942752564
-1942626039
-1942501357
-1941996805
-1941595245
-1941576483
-1941249432
-1940953881
-1940714017
-1940606293
-1940547247
-1940175898
-1940147635
-1939673123
-1939512570
-1939481354
-1938596447
-1938579967
-1937617003
-1937380924
-1937337358
-1936989882
-1936784223
-1936525936
-1936514916
-1936178295
-1935036968
-1934482509
-1934453618
-1933259363
-1932848682
-1932800520
-1932757905
-1932587331
-1932553459
-1932413181
-1931765365
-1931261287
-1931256886
-1931177145
-1931028361
-1930904519
-1930200498
-1930168121
-1930129697
-1930097276
-1929965182
-1929742920
-1929683094
-1929592719
-1929404498
-1929292731
-1929095343
-1928977640
-1928949912
-1928881862
-1928811847
-1928076860
-1927827797
-1927484585
-1927108283
-1926939353
-1926787283
-1926517338
-1926130365
-1926121273
-1925954312
-1925881759
-1925737655
-1925735383
-1925500790
-1924664477
-1924312134
-1924127564
-1924028423
-1923698947
-1922533385
-1922260348
-1921526246
-1920669867
-1920525569
-1920280069
-1920160365
-1920136007
-1920055337
-1919922166
-1918956068
-1918317802
-1918309098
-1918227595
-1918209576
-1918000582
-1917564495
-1916932202
-1916741441
-1916541081
-1916465801
-1916086242
-1915865443
-1915713630
-1915500668
-1915286803
-1914822248
-1914726303
-1914598974
-1914249385
-1913866983
-1913524841
-1913492788
-1913164193
-1913007561
-1912818403
-1912514854
-1912361113
-1911832364
-1911065837
-1911038587
-1910692709
-1910620813
-1910248431
-1910011044
-1909825879
-1909590045
-1909535475
-1909464885
-1909421051
-1908776606
-1908495127
-1908467946
-1908429532
-1908332220
-1908266051
-1908258383
-1908223113
-1908160531
-1908056011
-1907776103
-1907041264
-1906977590
-1906610025
-1905965285
-1905844515
-1905656065
-1905630976
-1905263761
-1905186710
-1904646029
-1904314882
-1904265552
-1903960410
-1903655318
-1903649145
-1903640496
-1903518993
-1903387934
-1903244082
-1902942330
-1902608026
-1902061842
-1901941773
-1901399767
-1901380404
-1900774850
-1900569780
-1900459232
-1900420724
-1900324913
-1900261441
-1900185305
-1900073744
-1900004527
-1899456612
-1898912652
-1898883718
-1898724876
-1898704951
-1898629226
-1898583538
-1898487656
-1898266328
-1897977881
-1897759766
-1897742380
-1897382913
-1897364440
-1896987084
-1896436455
-1896179677
-1896127403
-1895972390
-1895691717
-1895685609
-1895517051
-1895333754
-1895058724
-1894885111
-1894641315
-1894558369
-1894396308
-1894223248
-1894172920
-1894075067
-1894049513
-1894019627
-1893474226
-1893322099
-1893048973
-1892413103
-1892400820
-1892108718
-1891512802
-1891064004
-1890848170
-1890684253
-1890626640
-1890600536
-1889984591
-1889981229
-1889867310
-1889858364
-1889816961
-1889709615
-1889369585
-1888834943
-1888571252
-1887847683
-1887792897
-1887601929
-1887473605
-1887367136
-1887333713
-1887153041
-1887115114
-1886960827
-1886697841
-1886631463
-1886603444
-1886225752
-1885935083
-1885925819
-1885889054
-1885589220
-1885415322
-1885286422
-1885157475
-1885123795
-1884918164
-1884890815
-1884829472
-1884659899
-1884336078
-1884285002
-1883649699
-1883339317
-1883273247
-1883239932
-1882795702
-1882726272
-1882654891
-1882541937
-1882356946
-1881838358
-1881725782
-1881717114
-1881655189
-1881273512
-1880939450
-1880784781
-1880341340
-1880045436
-1879716089
-1879266506
-1879092722
-1878969357
-1878950646
-1878606249
-1878283244
-1878135043
-1877982877
-1877770353
-1877501127
-1877466602
-1876354161
-1876244405
-1876113312
-1876001663
-1875931769
-1875814808
-1875327424
-1875326574
-1875081338
-1874977979
-1874842883
-1874798147
-1874643039
-1874231979
-1874187095
-1874031435
-1873856752
-1873753183
-1873400382
-1873152936
-1873046707
-1872958749
-1872943608
-1872723448
-1872694494
-1872267730
-1871793624
-1871195437
-1870762374
-1870669342
-1870548445
-1870435845
-1870306335
-1869894884
-1869559609
-1868860836
-1868405426
-1868340606
-1868307922
-1868046690
-1867987318
-1867918599
-1867905673
-1867448366
-1867351415
-1866902898
-1866868409
-1866430689
-1866291086
-1866206986
-1865962433
-1865885204
-1865826074
-1865806828
-1865475217
-1865185046
-1865128944
-1864828054
-1864727850
-1864669868
-1864634748
-1864538646
-1864504448
-1864201995
-1863987814
-1863937088
-1863905912
-1863855649
-1863553149
-1863352363
-1863106843
-1862910539
-1862790576
-1862167196
-1861923734
-1861763739
-1861517556
-1861424034
-1860983084
-1860841613
-1860830310
-1860199545
-1860168174
-1859903527
-1859641542
-1859323473
-1858930598
-1857497799
-1857388303
-1857143418
-1856166898
-1856111085
-1855971256
-1855810168
-1855654471
-1854707197
-1854687650
-1854669711
-1854652308
-1854640032
-1854468889
-1853711232
-1853513252
-1853383088
-1853360320
-1853024959
-1852872495
-1852653513
-1852640177
-1852524403
-1852440910
-1852301936
-1852232050
-1852177112
-1852125353
-1851967895
-1851750850
-1851741874
-1850595572
-1850506443
-1850179068
-1850162618
-1850023244
-1849859325
-1849575485
-1849055662
-1849042332
-1848840328
-1848775349
-1848034026
-1847809812
-1847639679
-1847031256
-1846813177
-1846693285
-1846663003
-1846160010
-1846065857
-1845821545
-1845741086
-1845403841
-1845215920
-1845089991
-1844758546
-1844467477
-1844446381
-1844441157
-1844212254
-1844164398
-1844138109
-1844023634
-1843873404
-1843717883
-1843026298
-1842957378
-1842776174
-1842681770
-1842429472
-1842381557
-1842344321
-1841976187
-1841820719
-1841590735
-1841275899
-1841141542
-1841060970
-1840701352
-1840016408
-1839759521
-1839555364
-1839053556
-1838956398
-1838899326
-1838899169
-1838777103
-1838624765
-1838469147
-1838236336
-1838185219
-1837559057
-1837336292
-1837311199
-1837291004
-1837239800
-1836869398
-1836118721
-1836107097
-1835671415
-1835665799
-1835611982
-1835491259
-1835267855
-1835030608
-1834676439
-1834558939
-1834293106
-1834240307
-1834187831
-1834153947
-1833585486
-1833405124
-1833260535
-1833237297
-1832961808
-1832755194
-1832519865
-1832488855
-1832386663
-1832371588
-1831751900
-1831726431
-1831400123
-1831228487
-1831148270
-1830968275
-1830797818
-1830789518
-1830696836
-1830565581
-1830529108
-1830500989
-1830494361
-1830466091
-1829964625
-1829747098
-1829400336
-1829200790
-1829180286
-1828662330
-1828487450
-1828131882
-1827894725
-1827549520
-1827179015
-1826995025
-1826830808
-1826818963
-1826579889
-1826401775
-1825943983
-1825685422
-1824852837
-1824720217
-1824466956
-1824013309
-1824012255
-1823640596
-1823574890
-1823485068
-1823183871
-1823180953
-1822743907
-1822537508
-1822521225
-1822429412
-1822106644
-1822064798
-1821615701
-1821559286
-1820960173
-1820479396
-1820397126
-1820111721
-1820009141
-1819462892
-1819404291
-1819357756
-1819183610
-1818388018
-1818227865
-1817989735
-1817671642
-1817609978
-1817487390
-1817346705
-1817305973
-1816867438
-1816734528
-1816165374
-1816154908
-1815941639
-1815665473
-1815637437
-1815478578
-1815209807
-1815030004
-1814385267
-1814284269
-1814229141
-1814078434
-1813782722
-1813613956
-1813377008
-1813069029
-1813012707
-1812796039
-1812728833
-1812554559
-1812421438
-1812045743
-1811820148
-1811666829
-1811619144
-1811405749
-1811405348
-1811299915
-1811230806
-1811202095
-1811194495
-1811066785
-1811039195
-1810116904
-1810077167
-1809729902
-1809522528
-1809406888
-1809343250
-1809179326
-1808922692
-1808919588
-1808762673
-1808742391
-1808715050
-1808364892
-1808319677
-1808218564
-1808087462
-1806943916
-1806941222
-1806608084
-1806567229
-1805931842
-1805890217
-1805644496
-1805428723
-1805206108
-1804806845
-1804658440
-1804569833
-1804535571
-1804419846
-1804326345
-1803670507
-1803670261
-1803522203
-1803313203
-1803308476
-1803232070
-1802693190
-1802444145
-1802435458
-1802060789
-1801922981
-1801316720
-1801313858
-1801135247
-1801010679
-1800445142
-1800242105
-1800091475
-1800077171
-1800035035
-1799775528
-1799560326
-1799357964
-1799063155
-1799038348
-1798765808
-1798496932
-1798467499
-1798134387
-1797883331
-1797669863
-1797660263
-1797583138
-1797537803
-1797440643
-1797363551
-1797298329
-1797295507
-1797043122
-1796939555
-1796810734
-1796325365
-1796306772
-1795973335
-1795728923
-1795373599
-1795220980
-1795004453
-1794366056
-1794047047
-1793331216
-1793137364
-1792606678
-1792574393
-1792416139
-1792406599
-1791494895
-1791343117
-1790802721
-1790440516
-1790372588
-1790354805
-1790350954
-1789948291
-1789796179
-1789790248
-1789653826
-1789146228
-1789060810
-1788809956
-1788799051
-1788767824
-1788506642
-1788248109
-1788060301
-1787882736
-1787718687
-1787682179
-1787569048
-1787461299
-1787008135
-1786841230
-1786655935
-1786523398
-1786099424
-1786052877
-1785070172
-1784573754
-1784355617
-1784043564
-1783511197
-1783413595
-1783227061
-1782420027
-1781964049
-1781769119
-1781620676
-1781614212
-1781578428
-1781328692
-1781283343
-1781044748
-1780978966
-1780465291
-1780293414
-1780225279
-1779851638
-1779760293
-1779491033
-1778683577
-1778643580
-1777838386
-1777224971
-1776887882
-1776735425
-1776413959
-1776336422
-1776175947
-1775691433
-1775266394
-1775252121
-1775115855
-1775054259
-1774779267
-1774591162
-1774562578
-1774555508
-1774372347
-1774318278
-1774284939
-1774251827
-1774177534
-1774135147
-1774049186
-1773966715
-1773742813
-1773581423
-1773287962
-1773176902
-1772684399
-1772671575
-1772541187
-1772534894
-1772392965
-1772156246
-1772082497
-1771489993
-1771345838
-1771183491
-1771180362
-1771002647
-1770741414
-1770457529
-1769972319
-1769833171
-1769816991
-1768927366
-1768926437
-1768896891
-1768367464
-1767864131
-1767816680
-1767623485
-1767391512
-1767186950
-1766899935
-1766728667
-1766516800
-1766450877
-1766288443
-1766138639
-1766050847
-1765911913
-1765797645
-1765785968
-1765646560
-1765566582
-1765042954
-1764404546
-1763822191
-1763542650
-1763384988
-1763233656
-1762691754
-1762479676
-1762409364
-1762225109
-1761400970
-1761223528
-1761174872
-1760735216
-1760373866
-1760259929
-1760055317
-1760024507
-1760001481
-1759210229
-1759078558
-1759040762
-1758893871
-1758892790
-1758828723
-1758751025
-1758637430
-1758635812
-1758443388
-1758351591
-1758192659
-1758125728
-1757966492
-1757875443
-1757815208
-1757704558
-1756940659
-1756772624
-1756322176
-1755882908
-1755531421
-1755334303
-1755273898
-1755129428
-1755052272
-1754614169
-1754330013
-1754204290
-1754163211
-1753901342
-1753738124
-1753684441
-1753635151
-1753585258
-1753305807
-1753220787
-1753176334
-1753034723
-1752777712
-1752620364
-1752075580
-1752036840
-1751578939
-1750634941
-1750585257
-1749485338
-1749337922
-1749273607
-1749176915
-1749011820
-1748761129
-1748370793
-1747906550
-1747867958
-1747818140
-1747807137
-1747594663
-1747556135
-1747535370
-1747382658
-1746784769
-1746759299
-1746628774
-1746300124
-1746074026
-1746059324
-1745947401
-1745533202
-1745527287
-1745291825
-1745197167
-1744575570
-1744513220
-1744347161
-1744212619
-1743919215
-1743834465
-1743819684
-1743471069
-1743469301
-1742311031
-1742309311
-1742000952
-1741406843
-1741266410
-1741262711
-1740957037
-1740516481
-1740487113
-1740257105
-1740127228
-1740065687
-1739706620
-1739268057
-1738622166
-1738464845
-1738064689
-1737974437
-1737689416
-1737499015
-1737410474
-1737374207
-1736955259
-1736896661
-1736618534
-1736436858
-1736403293
-1736240661
-1736089304
-1735576723
-1735284448
-1735210980
-1735070842
-1734711883
-1734682036
-1734371448
-1734310377
-1733992828
-1733821015
-1733803724
-1733791248
-1732776493
-1732382771
-1732375920
-1732374841
-1732262591
-1732232331
-1732017982
-1732015796
-1731926867
-1731875406
-1731857362
-1731435248
-1731213858
-1731160503
-1731109960
-1730951593
-1730706085
-1730703109
-1730418196
-1730367071
-1730260733
-1729810857
-1729612147
-1729438348
-1728930634
-1728832225
-1728790516
-1728165440
-1728144419
-1727745740
-1727607491
-1727556778
-1727484071
-1727459287
-1727419708
-1727365397
-1726805848
-1726720452
-1726510726
-1726105722
-1725938464
-1725710152
-1725318101
-1725198637
-1725168919
-1724925621
-1724894044
-1724816384
-1724771634
-1724446782
-1724389684
-1724357492
-1724162588
-1723952108
-1723845419
-1723816698
-1723812958
-1723642393
-1723595546
-1722760928
-1722630812
-1722249671
-1722167885
-1721887051
-1721867101
-1721639481
-1721493835
-1721181675
-1721028358
-1720328474
-1720131265
-1719839574
-1719727470
-1719363667
-1718591893
-1718571339
-1718438607
-1718137221
-1718132472
-1718025376
-1717399217
-1717292456
-1717267672
-1717238940
-1717028123
-1716585971
-1715881268
-1715417913
-1715135775
-1714990709
-1714503697
-1714442150
-1714260222
-1713977200
-1713842228
-1713655766
-1713617741
-1713312090
-1712894398
-1712551334
-1712530785
-1712474491
-1712086511
-1711530158
-1711376505
-1711371897
-1711292218
-1710892998
-1710510474
-1709831988
-1709480819
-1709458578
-1709380408
-1709249268
-1709200706
-1708733900
-1708572741
-1708514803
-1708327634
-1708186798
-1708101129
-1707927159
-1707705650
-1707700486
-1707486475
-1707464536
-1707423811
-1707127518
-1706539956
-1706370719
-1705848292
-1705682139
-1704880296
-1704598728
-1704434923
-1704396569
-1704258446
-1704052388
-1703289085
-1702909040
-1702728356
-1702449033
-1702388454
-1702345278
-1702292530
-1702150672
-1702143002
-1702076051
-1701900947
-1701735989
-1701372033
-1701369995
-1701306741
-1701044386
-1701005439
-1700818194
-1700816289
-1700726535
-1700676953
-1700522451
-1699928315
-1699719549
-1699649240
-1699534729
-1699490362
-1699353233
-1699322407
-1699236615
-1699205021
-1699062980
-1698887811
-1698857895
-1698459963
-1698341784
-1698024370
-1697683669
-1697593444
-1697586786
-1696926973
-1696889734
-1696793421
-1696749273
-1696579754
-1696492626
-1695988597
-1695911767
-1695691214
-1695595079
-1695567731
-1695394471
-1694878544
-1694807307
-1694737829
-1694584957
-1694545914
-1694518540
-1694338954
-1694154794
-1693974617
-1693931001
-1693728717
-1693625585
-1693594062
-1693517475
-1693458542
-1693433895
-1693265078
-1693241142
-1692911578
-1692825071
-1692256400
-1692072244
-1692070237
-1692005128
-1691901428
-1691752838
-1691549687
-1691306672
-1691265039
-1691260737
-1691144456
-1690693128
-1690251719
-1690014362
-1689914839
-1689663868
-1689641132
-1689483590
-1689423238
-1689396893
-1688698996
-1688626274
-1688398842
-1687766084
-1687605258
-1687547484
-1686885765
-1686858829
-1686729037
-1685987968
-1685442153
-1685205655
-1684971902
-1684706023
-1684687072
-1684614318
-1684053719
-1683991799
-1683774216
-1683580410
-1683527761
-1683389625
-1683308632
-1683229260
-1682831295
-1682827057
-1682594196
-1682283104
-1682087144
-1681544569
-1681241135
-1681148306
-1680626248
-1680560185
-1680467795
-1680390745
-1679782831
-1679185913
-1679056610
-1678709682
-1678661344
-1678446100
-1678409514
-1678316587
-1678283981
-1678212761
-1677913951
-1677832847
-1677791141
-1677750480
-1677659908
-1677338178
-1677307304
-1677202905
-1676804564
-1676438379
-1676388066
-1676353410
-1676288862
-1676235142
-1676213485
-1676123317
-1676055923
-1675415318
-1675353428
-1675026944
-1674951010
-1674590487
-1674137844
-1673874240
-1673676228
-1673173128
-1673070197
-1672715258
-1672197842
-1672004826
-1671696749
-1671333028
-1671029817
-1670525844
-1670489307
-1670350165
-1670236242
-1669783360
-1669203468
-1669185629
-1669080679
-1668947501
-1668631154
-1668291866
-1668057567
-1667955346
-1667822750
-1667712481
-1667383332
-1667253238
-1667211659
-1666574439
-1666544671
-1666045235
-1665614180
-1665483330
-1665323780
-1664643357
-1664029374
-1663947165
-1663872967
-1663815513
-1663769685
-1663760279
-1663468396
-1663144179
-1662975276
-1662742352
-1662391122
-1662239720
-1662100996
-1662040888
-1662031842
-1661696865
-1661303799
-1660963400
-1660483301
-1660411847
-1660325308
-1660303733
-1660096323
-1659396407
-1658719768
-1658693774
-1658260234
-1658213360
-1657966057
-1657822040
-1657714803
-1657693404
-1657689631
-1657683085
-1657108788
-1655846914
-1655565693
-1655313552
-1655054545
-1654909492
-1654887268
-1654817261
-1654814048
-1654301177
-1654030582
-1653838198
-1653692277
-1653243274
-1653109921
-1652813195
-1652794333
-1652673968
-1652217225
-1652140896
-1651779931
-1651630910
-1651431886
-1650868188
-1650428788
-1650418665
-1650263349
-1650189043
-1649929018
-1649848873
-1649844118
-1649726049
-1649605022
-1648980710
-1648829127
-1648769082
-1648354788
-1647996407
-1647923693
-1647910508
-1647802502
-1647635834
-1647171004
-1646931400
-1646893210
-1646888045
-1646774768
-1646690817
-1646379106
-1646136041
-1645937944
-1645769019
-1645400599
-1645367902
-1645343677
-1645248261
-1645048675
-1645041221
-1644976652
-1644855012
-1644707102
-1644616532
-1643734754
-1643651870
-1643433970
-1643144022
-1642806476
-1642724843
-1642379443
-1642335537
-1642204876
-1642193581
-1641648348
-1641154921
-1641119288
-1640698146
-1640399009
-1639859947
-1639462169
-1639458068
-1639039332
-1639036089
-1638735203
-1637987447
-1637962618
-1637583365
-1637400144
-1637339902
-1636821588
-1636512946
-1636369370
-1635521193
-1635375748
-1635220487
-1635076669
-1634960492
-1634942643
-1634322244
-1634307378
-1634218123
-1633843780
-1633832886
-1633761434
-1633528552
-1633238718
-1633234148
-1633079701
-1632432397
-1632413208
-1632057782
-1632035625
-1631986061
-1631915122
-1631898062
-1631789967
-1631777469
-1631664613
-1631631319
-1631420125
-1631108380
-1630845532
-1630836741
-1630540489
-1629911302
-1629609256
-1628639841
-1628587512
-1628213877
-1627550379
-1627517530
-1627429775
-1627282613
-1626999591
-1626796158
-1626645823
-1626536131
-1626468867
-1626181713
-1625772076
-1625254182
-1624950074
-1624895392
-1624782110
-1624702537
-1624558227
-1624361710
-1624155640
-1623900094
-1623776451
-1623444758
-1623330323
-1622986156
-1622586853
-1622410891
-1622229633
-1622083993
-1621968822
-1621961830
-1621950355
-1621908225
-1621899622
-1621415608
-1621272039
-1621166260
-1621006446
-1621002551
-1620877499
-1620839647
-1620652357
-1620586746
-1620569059
-1620521078
-1620488738
-1620453175
-1620194459
-1620027694
-1619674283
-1619641942
-1619331810
-1619299823
-1619248984
-1618919839
-1618855651
-1618710751
-1618475024
-1618380393
-1618089615
-1617357294
-1617338993
-1617230221
-1617081783
-1616865137
-1616424305
-1616326499
-1616226117
-1616039737
-1616038869
-1615976608
-1615821327
-1615618955
-1615303593
-1615284298
-1615241539
-1615219580
-1615062703
-1614877732
-1614760274
-1614564120
-1614508247
-1614414746
-1614288628
-1614242710
-1613877121
-1613654401
-1613643970
-1613617240
-1613585396
-1613447876
-1613437124
-1613155037
-1612838457
-1612676760
-1612295811
-1612086616
-1611965410
-1611681150
-1611360808
-1611334703
-1611288512
-1610897169
-1610773060
-1610698194
-1610645980
-1610061580
-1609996476
-1609980006
-1609813730
-1609402352
-1609211018
-1609125384
-1609038079
-1608357398
-1608122787
-1607697230
-1607681738
-1607449813
-1607416199
-1607315061
-1607241599
-1606705726
-1606659632
-1606647143
-1606638384
-1606589978
-1606173725
-1606096421
-1605480540
-1605435985
-1605396123
-1605380664
-1605258958
-1605062000
-1605035179
-1604997062
-1604881824
-1604688993
-1604493721
-1604456251
-1604449646
-1604164129
-1603984370
-1603906249
-1603715051
-1603468286
-1603381366
-1603329983
-1603259592
-1603174057
-1603148398
-1602909494
-1602701422
-1602238861
-1601643027
-1601469498
-1601272453
-1601269058
-1601225915
-1601034672
-1600966758
-1600698627
-1600497403
-1600382967
-1600369433
-1600356607
-1599793076
-1598576882
-1598549847
-1597878122
-1597603795
-1597581977
-1597414799
-1597265545
-1597221356
-1597176938
-1597149884
-1596955000
-1596700215
-1596565600
-1596406946
-1596386766
-1596233998
-1595737748
-1595259512
-1595127254
-1595059534
-1594192418
-1594166167
-1594144258
-1594040687
-1593947919
-1593046223
-1592487042
-1592331365
-1592135883
-1592074665
-1592064673
-1592004341
-1591902758
-1591670357
-1590493588
-1590435325
-1590384640
-1590133829
-1590116638
-1589913907
-1589690297
-1589545122
-1589510137
-1589437881
-1589330998
-1589303570
-1589082950
-1588524649
-1588313596
-1588139474
-1588035165
-1588011514
-1587824571
-1587348178
-1587315123
-1587299741
-1586804579
-1586669806
-1586615606
-1586509952
-1586472238
-1586302010
-1586117733
-1585942770
-1585915602
-1585905624
-1585884079
-1585616523
-1585602042
-1585475325
-1585448259
-1585368456
-1585033335
-1584650616
-1584076582
-1583880657
-1583777319
-1583697384
-1583623281
-1583565499
-1583523149
-1583449842
-1583343650
-1583150666
-1583059273
-1582876443
-1582752018
-1582709542
-1582449237
-1582377419
-1582358965
-1582269345
-1582269164
-1582152537
-1581997814
-1581719987
-1581558489
-1581550230
-1581431522
-1581366482
-1581107200
-1581097390
-1581066390
-1580730333
-1580632606
-1580309222
-1580255831
-1579996059
-1579990224
-1579271647
-1579088458
-1578917348
-1578194433
-1578174158
-1577611118
-1576210729
-1576013163
-1575929102
-1575257528
-1574183238
-1573694347
-1573424499
-1573169144
-1573117805
-1573098857
-1573070675
-1572878429
-1572459312
-1572153743
-1571962617
-1571786299
-1571779304
-1571573479
-1571415610
-1571354446
-1571257909
-1571192805
-1570714427
-1570638098
-1570078355
-1569383112
-1569308167
-1568300788
-1568225777
-1568083170
-1567761412
-1567683082
-1567607967
-1567191164
-1567166386
-1567046447
-1566573959
-1566566997
-1566482752
-1566352471
-1566204360
-1566086544
-1565854419
-1565722721
-1565705233
-1565644930
-1565502536
-1565270955
-1564938457
-1564867164
-1564810083
-1564685346
-1564654305
-1564546795
-1564380031
-1564044741
-1563896200
-1563772418
-1563726754
-1563224156
-1563114742
-1562975741
-1562896751
-1562828475
-1562763916
-1562749541
-1562648939
-1562531232
-1562212969
-1561971498
-1561687357
-1561451184
-1561320870
-1560876128
-1560870937
-1560821667
-1559834557
-1559338195
-1559056791
-1558739189
-1558582941
-1558468166
-1558280830
-1558242028
-1558169299
-1557525682
-1557059198
-1556706657
-1556151437
-1555914568
-1555887693
-1555702071
-1555400790
-1555328001
-1554616714
-1554531874
-1554524998
-1554187049
-1553599351
-1553584218
-1553386453
-1553256034
-1552990844
-1552953717
-1552157856
-1552155561
-1552133852
-1551964324
-1551555799
-1551135403
-1551135257
-1550911068
-1550696608
-1550614853
-1550510022
-1550460029
-1549707471
-1549338643
-1549183124
-1547920066
-1547878008
-1547677492
-1547122036
-1546585862
-1546524922
-1546479561
-1546452347
-1545717213
-1545533137
-1545450463
-1545351450
-1544813503
-1544721283
-1544717532
-1544184767
-1544130808
-1544049745
-1543936830
-1543889535
-1543876291
-1543695620
-1543530186
-1543328854
-1543291562
-1543165812
-1542897181
-1542867845
-1542748599
-1542640053
-1542524912
-1542231772
-1542032249
-1541791088
-1541759799
-1541572651
-1541305460
-1541165542
-1541114568
-1541092676
-1541027762
-1540896295
-1540175585
-1539895801
-1539780212
-1539540899
-1539287786
-1539209809
-1539194934
-1539169521
-1538856924
-1538324751
-1538245456
-1538147525
-1538088664
-1537959920
-1537833001
-1537805849
-1537784691
-1537461743
-1537287944
-1537209569
-1537119711
-1536989907
-1536948099
-1536680325
-1536675779
-1536634569
-1536621846
-1536263989
-1536157433
-1535646783
-1535385137
-1534916522
-1534174469
-1534039557
-1533732614
-1533590355
-1533541570
-1533258884
-1532268468
-1531958458
-1531228578
-1530545144
-1529800404
-1529778365
-1529596097
-1529410440
-1528808265
-1528143028
-1527686237
-1527634983
-1527597985
-1527593056
-1527544263
-1527495080
-1527040524
-1526715058
-1526699040
-1526697307
-1526670137
-1526573431
-1525575246
-1525566213
-1525415145
-1525393504
-1525372120
-1525368463
-1525082215
-1524645718
-1524408760
-1524319482
-1524238261
-1523954773
-1523769884
-1523100131
-1523051265
-1522718874
-1522613878
-1522587957
-1522512591
-1522409689
-1522237583
-1521838827
-1521729510
-1521466899
-1520772576
-1520752599
-1520304036
-1519562899
-1519259766
-1519191708
-1518934524
-1518865448
-1518715793
-1518637441
-1518371832
-1518303363
-1518156442
-1516893869
-1516772035
-1516272484
-1516033164
-1515905369
-1515657064
-1515443519
-1515144529
-1514403888
-1514251800
-1514160550
-1513831072
-1513773706
-1513612104
-1513602061
-1513551538
-1513530257
-1512972411
-1512912874
-1512808666
-1512177299
-1511795547
-1511486800
-1511339909
-1511273904
-1511181709
-1511124190
-1510977877
-1510589510
-1510306966
-1510232428
-1510094135
-1509884964
-1509682226
-1508370234
-1508247074
-1507978328
-1507930845
-1507685534
-1507407030
-1507197135
-1506540243
-1506360190
-1506205930
-1505998822
-1505974466
-1505616807
-1505611444
-1505464491
-1505108667
-1505033786
-1505008435
-1504965511
-1504700245
-1504181453
-1503997718
-1503764963
-1503756788
-1503650785
-1503619147
-1503487665
-1503356760
-1502745786
-1502399363
-1502261422
-1502155018
-1501582285
-1500501228
-1499985414
-1499894107
-1499686647
-1499412434
-1499373049
-1499312570
-1499183611
-1499166406
-1498981133
-1498921511
-1498637292
-1498423365
-1498240042
-1497951873
-1497894466
-1497538065
-1497444310
-1497196769
-1497117902
-1495694103
-1494944160
-1494898843
-1494819023
-1494093525
-1493914688
-1493617252
-1493583507
-1493561682
-1493543030
-1493229992
-1493165326
-1493027440
-1493010354
-1492814492
-1492748223
-1492512458
-1492126782
-1492030180
-1491907218
-1491903581
-1491830390
-1491781401
-1491360539
-1491338467
-1491164264
-1491121408
-1490955109
-1490695847
-1490693645
-1490583433
-1490380655
-1490280846
-1489839570
-1489771662
-1489446480
-1489322363
-1489166076
-1489063357
-1488920524
-1488036676
-1487978214
-1487748192
-1487527275
-1487252972
-1487138737
-1486983933
-1486810147
-1486722085
-1486230685
-1486201270
-1485714327
-1485582295
-1484950579
-1484085629
-1484017030
-1483890484
-1483773322
-1483460118
-1483286612
-1483205850
-1482917445
-1482691939
-1482675081
-1482267751
-1482099992
-1482011515
-1481789340
-1481633982
-1481351028
-1480789496
-1480595821
-1479871627
-1479738117
-1479332788
-1479115441
-1478965992
-1478632085
-1478551504
-1478458211
-1478246267
-1477669285
-1477668471
-1477243478
-1476565202
-1476485692
-1476434250
-1476260033
-1476065870
-1475956847
-1475339315
-1475308579
-1474851942
-1474481910
-1474478143
-1474446767
-1474287826
-1473027513
-1473023675
-1472445114
-1471749087
-1471099943
-1470862425
-1470841352
-1470704656
-1470655065
-1470425314
-1470332293
-1469859484
-1469857681
-1469694661
-1469645046
-1468599806
-1468595981
-1467911207
-1467665911
-1467307160
-1466963966
-1466907702
-1466550511
-1466164703
-1466050101
-1465599562
-1465575950
-1465475888
-1465474002
-1465438487
-1465299031
-1465298672
-1465228181
-1465208633
-1464954567
-1464953041
-1464769525
-1464612778
-1464596392
-1464349070
-1464246809
-1464176760
-1464160850
-1463866468
-1463412235
-1463399283
-1462348611
-1462221180
-1461941933
-1461663327
-1461573070
-1460894735
-1460712794
-1460594703
-1460589400
-1460462293
-1460243398
-1460161151
-1460100554
-1460004771
-1459918621
-1459403981
-1459368887
-1459339879
-1458839529
-1458479812
-1458206170
-1457997804
-1457881585
-1457871370
-1457654407
-1457595246
-1457398498
-1457283243
-1456918623
-1456513892
-1456419498
-1456397329
-1456347064
-1456298813
-1456221988
-1456212283
-1455789016
-1455593683
-1455135200
-1455073307
-1454969797
-1454678926
-1454390086
-1454377834
-1454326534
-1454098251
-1453974623
-1453923685
-1453745230
-1453610771
-1453552346
-1452881868
-1452747193
-1452739602
-1452685988
-1452549879
-1452501763
-1452173324
-1451989324
-1451891124
-1451820281
-1451553632
-1451506680
-1451270353
-1451112094
-1450662569
-1450570996
-1450498819
-1450475170
-1449658021
-1448805973
-1448600002
-1448428975
-1448383749
-1448049956
-1447966713
-1447559899
-1447266159
-1447029656
-1446461007
-1446355870
-1446133195
-1445724589
-1445508655
-1445448234
-1445148049
-1444891257
-1444860189
-1444753577
-1444615863
-1444508128
-1444493978
-1444426390
-1444237131
-1444181622
-1443916850
-1443788253
-1443751728
-1443413828
-1443322651
-1442866105
-1442853609
-1442557118
-1441981080
-1441758240
-1441557411
-1441447604
-1441198001
-1441059862
-1440801822
-1440738826
-1440566087
-1440135635
-1439874563
-1439580601
-1439506745
-1439445660
-1439166116
-1439128136
-1438928971
-1438596840
-1438556071
-1438532183
-1438460445
-1438352881
-1438245902
-1438005175
-1437604979
-1437385296
-1437053002
-1436613176
-1435952970
-1435519265
-1434966521
-1434640486
-1434324663
-1434248462
-1434156253
-1433986757
-1433289029
-1432878657
-1432657556
-1432244600
-1431502857
-1431113202
-1431095711
-1430907849
-1430812349
-1430737938
-1430563301
-1430376296
-1429936068
-1429903573
-1429591706
-1429482656
-1429133187
-1429060320
-1429036256
-1428889439
-1428458766
-1428266662
-1428076783
-1427823891
-1427575154
-1427520992
-1427207350
-1426443214
-1426376423
-1426257957
-1426145354
-1426088357
-1425720684
-1425651152
-1425015672
-1424410469
-1424050989
-1423474903
-1423458976
-1422619528
-1422590893
-1422147473
-1422125762
-1422063640
-1421831930
-1421139907
-1420981484
-1420839823
-1420756978
-1420496460
-1420374992
-1419981126
-1419872558
-1419832458
-1419748624
-1419682073
-1418941813
-1418907812
-1418765683
-1418497085
-1418345486
-1418329103
-1418268795
-1417812709
-1417464033
-1417427260
-1417349608
-1417128173
-1416740706
-1416408874
-1416184901
-1416139693
-1415401829
-1415148046
-1414938308
-1414914015
-1414684123
-1414679467
-1414588768
-1414575642
-1413911416
-1413561745
-1412804997
-1412118988
-1412104200
-1411991811
-1411833479
-1411805236
-1411548000
-1411486694
-1411284413
-1411259397
-1411085655
-1410872385
-1410211260
-1410202207
-1409999479
-1409986386
-1409626447
-1409523094
-1409256151
-1408454873
-1407846096
-1407685490
-1407667301
-1407049575
-1407026783
-1406172942
-1405878734
-1405850028
-1405155914
-1405105576
-1404908142
-1404707371
-1404617158
-1404554884
-1404304351
-1404291608
-1404105716
-1403894988
-1403631903
-1403609284
-1403556128
-1403439652
-1403334957
-1403049791
-1402887349
-1402854280
-1402586988
-1402438276
-1402399309
-1402079834
-1402030249
-1401970254
-1401825101
-1401777502
-1401591786
-1401564838
-1401405177
-1401342923
-1401317203
-1401212012
-1400741625
-1400730961
-1400347450
-1400313097
-1400123262
-1399984497
-1399468691
-1399440409
-1398555829
-1398346643
-1398304715
-1398252063
-1397953270
-1397658099
-1397489846
-1397364808
-1396435273
-1396413913
-1395919873
-1395685484
-1395494046
-1395156978
-1395102082
-1395079344
-1394562496
-1394373203
-1393946691
-1393758056
-1393748652
-1393707832
-1393459215
-1393293837
-1393150428
-1393056488
-1393022430
-1392931713
-1392517727
-1392267296
-1391562708
-1391556629
-1391228876
-1391097533
-1390914025
-1390790517
-1390773620
-1390728600
-1390621781
-1390477859
-1390323445
-1390119306
-1389776361
-1389500309
-1389387428
-1388365458
-1387959922
-1387912552
-1387882508
-1387780199
-1387754541
-1387744059
-1387728675
-1387693797
-1387588504
-1387299487
-1386952417
-1386638687
-1386582077
-1386529277
-1386451846
-1386378589
-1386174451
-1386082127
-1386008502
-1385743606
-1385731183
-1385348049
-1385047926
-1384127418
-1383837872
-1383823197
-1383567146
-1383301412
-1383160930
-1382545175
-1382313336
-1382108303
-1381773717
-1381665383
-1381575254
-1381228076
-1380931907
-1380851877
-1380500148
-1380253650
-1379813900
-1379678570
-1379595793
-1379503717
-1379466884
-1379365044
-1379167227
-1379075761
-1379024177
-1378878513
-1378757356
-1378478900
-1378301441
-1377855473
-1377735732
-1377576611
-1377440737
-1377178507
-1377117818
-1376306312
-1376088308
-1376042558
-1375949447
-1375942497
-1375723792
-1375694281
-1375464285
-1375280758
-1374057632
-1373796209
-1373611759
-1373448396
-1373221199
-1372730180
-1372700611
-1372352421
-1372306535
-1371895264
-1371735648
-1371719253
-1371514635
-1371164340
-1370890385
-1370645942
-1370624305
-1370459812
-1370103974
-1370025989
-1369994234
-1369759251
-1369700948
-1369556659
-1369223364
-1368743244
-1368523615
-1368297203
-1368217316
-1367887474
-1367556180
-1367246243
-1367155249
-1366876969
-1366820536
-1366788894
-1365953724
-1365739068
-1365481100
-1364670568
-1364402905
-1364356704
-1364251026
-1364036043
-1363562562
-1363366494
-1363315917
-1363271779
-1363060883
-1363040812
-1363027781
-1362967896
-1362954383
-1362718985
-1362658554
-1362613521
-1362585165
-1362293264
-1362248606
-1362247527
-1361835741
-1361685413
-1361633779
-1361503995
-1361305312
-1361253073
-1361232224
-1360893489
-1360710658
-1360706678
-1360146002
-1360094728
-1359940213
-1359571471
-1359543796
-1359531578
-1359522905
-1359497410
-1359310700
-1359227514
-1358367385
-1358345987
-1358081858
-1357941057
-1357710560
-1357590526
-1357402040
-1357381989
-1357135209
-1356588956
-1356322206
-1356295216
-1355940146
-1355565329
-1355490342
-1355290065
-1355193139
-1355189638
-1355014443
-1354967612
-1354911947
-1354847929
-1354831368
-1354355413
-1354257581
-1354112449
-1354005713
-1353993327
-1353760431
-1353727578
-1353655251
-1353203097
-1353077182
-1352576528
-1352314117
-1352134795
-1352111413
-1352006124
-1352004845
-1351572438
-1351376256
-1351318133
-1350565615
-1350516650
-1350299658
-1350139390
-1349917249
-1349781358
-1349676936
-1349532524
-1349144235
-1348922446
-1348291475
-1348174851
-1348122888
-1348058637
-1347924507
-1347655120
-1347623348
-1347577314
-1346997143
-1346963293
-1346807938
-1346781649
-1346610824
-1346130033
-1345806752
-1345669239
-1345517369
-1345467434
-1345191635
-1345099093
-1345094285
-1344342072
-1343941367
-1343476895
-1343297621
-1343253182
-1342846135
-1342500264
-1342453729
-1342419708
-1342278729
-1342194669
-1341931456
-1341188028
-1340878239
-1340497949
-1340485061
-1340470399
-1340464993
-1340442674
-1340381737
-1340381350
-1339897178
-1339823488
-1339480863
-1339365553
-1339226373
-1338817327
-1338653998
-1338460102
-1336845166
-1336603131
-1336075019
-1335965673
-1335787239
-1335578280
-1335199552
-1335095717
-1334255722
-1333900503
-1333745819
-1333741988
-1333567662
-1333510550
-1332971364
-1332791261
-1332614873
-1332401001
-1332134104
-1331964918
-1331889178
-1331274893
-1330167958
-1330002300
-1329632474
-1328971164
-1328884725
-1328410213
-1328128144
-1327936705
-1327886186
-1327500465
-1327283316
-1326967579
-1326514475
-1326444379
-1326072464
-1325938625
-1325763713
-1325516922
-1325321555
-1324993211
-1324531619
-1324455263
-1323855777
-1323745964
-1323739465
-1323213339
-1322938835
-1322708644
-1322674633
-1322626076
-1322522700
-1322382651
-1321886388
-1321857248
-1321839404
-1321605049
-1321034674
-1321007498
-1320885932
-1320799586
-1320161848
-1319542333
-1319443557
-1319385605
-1319363654
-1319179408
-1319005530
-1318926233
-1318680578
-1318581295
-1318403614
-1318193907
-1317972695
-1317833276
-1317764554
-1317474381
-1317069343
-1316785075
-1316654940
-1316422837
-1316237829
-1316198352
-1315844488
-1315449994
-1315288221
-1315194596
-1315175047
-1315174046
-1314629313
-1313876339
-1313684802
-1313581105
-1313528707
-1313228250
-1313115986
-1312757041
-1312163538
-1312161832
-1311009769
-1310716464
-1310625963
-1310620491
-1309744566
-1309630293
-1309522925
-1309515626
-1309112904
-1309095585
-1308864549
-1308775672
-1308531412
-1308151238
-1308098128
-1307711594
-1307500462
-1307354801
-1307335895
-1307000267
-1306515725
-1306416263
-1305767994
-1305351839
-1305195109
-1305079271
-1304600473
-1304361997
-1303927480
-1303706337
-1303629244
-1303576733
-1303124252
-1302959208
-1302858821
-1302716068
-1302555687
-1302517767
-1302442676
-1301736759
-1301262586
-1301161056
-1300129786
-1300066834
-1299864135
-1299795389
-1299526432
-1299366069
-1299217464
-1299178568
-1299091625
-1299002686
-1298771112
-1298651414
-1298526548
-1298468565
-1298385182
-1298384726
-1298380350
-1298364505
-1298202760
-1297977892
-1297944850
-1297370865
-1297015260
-1296898346
-1296833333
-1296578925
-1296077428
-1295935854
-1295731496
-1295370096
-1295291144
-1294976778
-1294930244
-1294877710
-1294431190
-1294194919
-1294149344
-1293795736
-1293598144
-1293500200
-1292505559
-1292388810
-1292311859
-1291744133
-1290993388
-1290989125
-1290767896
-1290594944
-1290574797
-1290539469
-1290511396
-1289831253
-1289696128
-1289411062
-1289255096
-1289111595
-1288896747
-1288742816
-1288689867
-1288598056
-1288222530
-1287052291
-1286961346
-1286952674
-1286652663
-1286096792
-1285287958
-1284851933
-1284707544
-1284557018
-1284342771
-1284277378
-1284253077
-1284179082
-1284177662
-1284117471
-1284105790
-1284097016
-1283960377
-1283393327
-1283356670
-1283025993
-1283006653
-1283004191
-1282737297
-1282707393
-1282620759
-1282379404
-1282063997
-1282041131
-1281646779
-1281629963
-1281475614
-1281356354
-1281108529
-1280944393
-1280745280
-1280504549
-1280027147
-1279718924
-1279424649
-1279259745
-1279164269
-1278946837
-1278937696
-1278716545
-1278686460
-1278668910
-1278217080
-1278154263
-1277899247
-1277365418
-1277317408
-1277162035
-1276951982
-1276762270
-1276602046
-1276598613
-1276487605
-1276054446
-1275767607
-1275420510
-1274863416
-1274597688
-1274588469
-1274471518
-1274235254
-1274107262
-1273929311
-1273767089
-1273420642
-1273396560
-1273268565
-1273068605
-1272702109
-1272656895
-1272032936
-1271750062
-1271194698
-1271010228
-1270867742
-1270861864
-1270692439
-1270595220
-1270237509
-1270215171
-1270103032
-1270095430
-1270093918
-1270091167
-1269434312
-1269270362
-1269197503
-1269106298
-1268891551
-1268803984
-1268497960
-1268342134
-1268129307
-1268100498
-1267587460
-1266884940
-1266627337
-1266540118
-1266510443
-1266325294
-1266313980
-1266155253
-1266110264
-1265981934
-1265664512
-1265151999
-1264938676
-1264900968
-1264676434
-1264317345
-1264232202
-1264175442
-1263963877
-1263690792
-1263271270
-1262488159
-1262277866
-1262216206
-1261992904
-1261739068
-1261500622
-1261405153
-1261314181
-1261246065
-1261244278
-1261095920
-1261051945
-1261000392
-1260964843
-1260950326
-1260896310
-1260881285
-1260779241
-1260562389
-1260225263
-1260043801
-1259867867
-1259325222
-1259091050
-1258863192
-1258731681
-1258723935
-1258716196
-1258714187
-1258316652
-1258281225
-1258042203
-1257990485
-1257834588
-1257702515
-1256711671
-1256433465
-1256116112
-1256076719
-1256035679
-1255502152
-1255479044
-1255449099
-1255200717
-1254955238
-1254535139
-1254437950
-1254421911
-1254117867
-1253950583
-1253909606
-1253901654
-1253250598
-1253223198
-1253146802
-1253055814
-1252811023
-1252394231
-1251204191
-1251142910
-1249740655
-1249615015
-1249455837
-1249370068
-1248805739
-1248759679
-1248630548
-1248425860
-1248350917
-1248310956
-1248206744
-1247969821
-1247108082
-1246891981
-1246379811
-1246221223
-1246176320
-1245869818
-1245841087
-1245814877
-1245715728
-1245574392
-1245426890
-1245144945
-1244814808
-1244657454
-1244355844
-1243313883
-1243252695
-1243251556
-1242901982
-1242361505
-1242327942
-1242041285
-1241938805
-1241335702
-1240749259
-1240600226
-1240529208
-1240085638
-1239768571
-1239002175
-1238870635
-1238867288
-1238286731
-1238282409
-1237978157
-1237657394
-1236996907
-1235873942
-1235627866
-1235604837
-1234941228
-1234451951
-1234290203
-1234200523
-1233917111
-1233616787
-1233294047
-1233236157
-1233159749
-1232987439
-1232871106
-1232547557
-1232501350
-1232223841
-1231983958
-1231823970
-1231803417
-1231683097
-1231573906
-1231461071
-1230739719
-1230652560
-1230525553
-1230305047
-1229476069
-1229013523
-1228870509
-1228722414
-1228710705
-1228573091
-1228568219
-1228561339
-1228407647
-1228233433
-1227781310
-1227634973
-1227227227
-1226915653
-1226481402
-1226332074
-1225934846
-1225870705
-1225737894
-1225482708
-1225300652
-1225095894
-1224908573
-1224837275
-1224784430
-1224682594
-1224347361
-1224082649
-1224078047
-1224035628
-1223512669
-1223385274
-1223242863
-1223102165
-1222866309
-1222825589
-1222635252
-1222035836
-1221970194
-1221954333
-1221953273
-1221860276
-1221817511
-1221698531
-1221515336
-1221492851
-1221308066
-1221011071
-1220801414
-1220374050
-1220289364
-1219934007
-1219571598
-1219212967
-1219049594
-1219013458
-1218735590
-1218558348
-1218327400
-1218305285
-1218269241
-1218121190
-1217738951
-1217707678
-1217524170
-1217044310
-1216861418
-1216700760
-1216513028
-1216509458
-1216012972
-1215679805
-1215617065
-1215414430
-1215292530
-1214732682
-1214334393
-1214041442
-1213798626
-1213704669
-1213475772
-1213408477
-1213343880
-1213039638
-1212792422
-1212783972
-1212776911
-1212382505
-1212351180
-1212291141
-1212121556
-1212033220
-1211867036
-1211246708
-1210814787
-1210655601
-1210570391
-1210544484
-1210481878
-1210470534
-1210208266
-1210126074
-1209904237
-1209887047
-1209757846
-1209240585
-1209096016
-1208972074
-1208902121
-1208816626
-1208764530
-1208645062
-1208370908
-1208361408
-1208338844
-1208080762
-1208000206
-1207787662
-1207689829
-1207382269
-1207224989
-1207134988
-1206141886
-1206118173
-1206072430
-1206057714
-1206029399
-1205998313
-1205929185
-1205915875
-1205694426
-1205497552
-1205354954
-1205239715
-1204607492
-1204163390
-1203759538
-1203627730
-1203588763
-1203275347
-1203186320
-1203099179
-1202655335
-1202260008
-1201778761
-1201497052
-1201429382
-1201416841
-1201031170
-1200428216
-1200403224
-1199265071
-1199205650
-1199197133
-1199068866
-1198983363
-1198825139
-1198470392
-1197258628
-1196966408
-1196817911
-1196751964
-1196702579
-1196497051
-1196493426
-1196354939
-1196302940
-1196288519
-1195742198
-1195514622
-1195416937
-1195332459
-1195300240
-1195233037
-1194984990
-1194869335
-1194837877
-1194708709
-1194607542
-1194305335
-1194304665
-1194236240
-1194228433
-1194220072
-1193992168
-1193616219
-1193519270
-1193435606
-1193106956
-1192796911
-1192160953
-1191765783
-1191566932
-1191475927
-1191445264
-1191434873
-1190966405
-1190628955
-1190408436
-1190162562
-1189808761
-1189374099
-1189336160
-1189194619
-1189151276
-1189066926
-1188653774
-1188579268
-1188569845
-1188355951
-1188209334
-1187886867
-1187560051
-1187525724
-1187361822
-1187356455
-1187161748
-1186823773
-1186667385
-1186431092
-1186412540
-1186130932
-1185862999
-1185312553
-1185227812
-1184562246
-1184316097
-1183475327
-1183258315
-1183174759
-1183170249
-1183030414
-1182973930
-1182790050
-1182671223
-1182526909
-1182501392
-1182483789
-1182343099
-1182247656
-1182000992
-1182000605
-1181270420
-1181099785
-1180485767
-1180335695
-1179956374
-1178981369
-1178649517
-1178180696
-1178000680
-1177328692
-1177064484
-1176801629
-1176683373
-1176636978
-1176079455
-1176016981
-1175808527
-1175741852
-1175510438
-1175195771
-1174779467
-1174776112
-1174147456
-1174047500
-1173842325
-1173544215
-1173524266
-1173385243
-1173012063
-1172615859
-1172552341
-1172377532
-1172045174
-1171600562
-1171506788
-1171351657
-1171134916
-1170799552
-1170722543
-1170149458
-1170026239
-1169740587
-1169474123
-1169160448
-1169086582
-1168889812
-1168259609
-1168011127
-1167989961
-1167644761
-1167399236
-1167385696
-1167256498
-1166773744
-1166739445
-1166252388
-1166026614
-1165948507
-1165553809
-1165449960
-1165422498
-1165329412
-1165210593
-1165172883
-1165158765
-1165114426
-1164386066
-1164062766
-1164029365
-1163948810
-1163588901
-1163492587
-1163435620
-1163104759
-1162863250
-1162730442
-1162628128
-1162305216
-1162187740
-1162070647
-1162046923
-1161901705
-1161896646
-1161743662
-1161307922
-1160872978
-1160202466
-1159676904
-1159586921
-1159487878
-1158702566
-1158536583
-1158507566
-1158255129
-1158072603
-1157794022
-1157210132
-1156574922
-1156531787
-1156526874
-1156369090
-1156294150
-1156147098
-1155739504
-1155582985
-1154998754
-1154929537
-1154063233
-1153619432
-1153154350
-1153135360
-1153123351
-1153042821
-1152663677
-1152392348
-1152270593
-1151561076
-1151087015
-1151014721
-1150984763
-1150785586
-1150785261
-1150669740
-1150621425
-1150574816
-1150546502
-1150376343
-1150256838
-1150081250
-1149949850
-1149856794
-1149803012
-1149768002
-1149086668
-1148789894
-1148770971
-1148729374
-1148501108
-1148365034
-1148166516
-1148054466
-1148000210
-1147212701
-1146639678
-1146402906
-1146305113
-1145472936
-1145452339
-1143557607
-1143440734
-1143434088
-1143359190
-1143075565
-1143043077
-1142913300
-1142242604
-1141911846
-1141826806
-1141704950
-1141617358
-1141429986
-1140672310
-1140655436
-1140554223
-1140263523
-1139759400
-1139654109
-1139048168
-1138975309
-1138684442
-1138563385
-1138288893
-1138248476
-1138099449
-1137855537
-1137688392
-1137451499
-1137437535
-1137298138
-1137295169
-1136832534
-1136650714
-1136506558
-1136495303
-1136210316
-1136147987
-1135913652
-1135805209
-1135698006
-1135495904
-1134802321
-1134775158
-1134213438
-1134190685
-1134127560
-1134005224
-1133991873
-1133852041
-1133663789
-1133410107
-1133224838
-1133093127
-1133034647
-1132916793
-1132553069
-1132394297
-1132045639
-1132013315
-1131545482
-1131409262
-1130968057
-1130904924
-1130898951
-1130821524
-1130786059
-1130669785
-1130515635
-1130502097
-1130346615
-1130331704
-1130068984
-1130011988
-1129731340
-1129657969
-1129577523
-1129563859
-1129199910
-1128924118
-1128294500
-1127667978
-1127595694
-1127590120
-1127535037
-1127456830
-1127363221
-1127251801
-1127139852
-1127000237
-1126959826
-1126607387
-1126562665
-1126433669
-1126334327
-1126297240
-1126283659
-1126253701
-1126018064
-1125536403
-1125495025
-1125448160
-1124536732
-1123899740
-1123163574
-1123046491
-1122932445
-1122815041
-1122702662
-1122692798
-1122545825
-1122539703
-1122342703
-1122256231
-1122245507
-1120331125
-1120325899
-1119998886
-1119914839
-1119632797
-1119581964
-1119363198
-1119268422
-1119119912
-1118885206
-1118818338
-1118433749
-1118234021
-1117752370
-1117726627
-1117257214
-1117096652
-1116893885
-1116840973
-1116724264
-1116486340
-1116346479
-1116171834
-1116101913
-1115771360
-1115697639
-1115523614
-1115280498
-1114885943
-1114498495
-1114281901
-1114275684
-1114097137
-1113595141
-1113521099
-1113042675
-1112968077
-1112508802
-1112479837
-1112392902
-1112330378
-1112203631
-1111682173
-1111676534
-1111625388
-1111030106
-1110883451
-1110773201
-1110171723
-1109106205
-1109021184
-1108901757
-1108892525
-1108706577
-1108680759
-1108567641
-1108483049
-1108431562
-1108289467
-1108227549
-1108093890
-1108029959
-1107987516
-1107913591
-1107499212
-1106840764
-1106353451
-1106201990
-1106162737
-1106040105
-1105625074
-1105502727
-1105414101
-1105249110
-1105125438
-1105009134
-1104967293
-1104955257
-1104797117
-1104165695
-1104119637
-1103975211
-1103844001
-1103783997
-1103773582
-1103618147
-1103547182
-1103432122
-1102753417
-1102600647
-1102346443
-1102120094
-1102105855
-1101768901
-1101596169
-1100991862
-1100660210
-1100421087
-1100094233
-1099966113
-1099682030
-1099613600
-1099539792
-1099459088
-1099241610
-1099035804
-1098943039
-1098796420
-1098676256
-1098521350
-1098398592
-1097768418
-1097706296
-1097639939
-1097372414
-1097126525
-1097120614
-1097083896
-1096797607
-1096695752
-1095798473
-1095648225
-1095644153
-1095538972
-1095251172
-1094972988
-1094414694
-1094122325
-1094082616
-1094047690
-1094047040
-1093991475
-1093951161
-1093929971
-1093905588
-1093904495
-1093623595
-1093373606
-1093190377
-1093123118
-1092696041
-1092533101
-1092340497
-1092299236
-1092104601
-1092079165
-1092018523
-1091873384
-1091773866
-1091569932
-1091183149
-1090890222
-1090760463
-1090527972
-1090400423
-1090298504
-1090247303
-1090223786
-1090161985
-1090127268
-1089787878
-1089735503
-1089477025
-1089451305
-1089263618
-1089213385
-1088839906
-1088621898
-1088358773
-1087872819
-1087846088
-1087659478
-1087481732
-1087245500
-1087042229
-1086969517
-1085913741
-1085866776
-1085863060
-1085729936
-1085704544
-1085691707
-1085613720
-1085455503
-1085330112
-1085315531
-1085125343
-1084920164
-1084264504
-1084185962
-1084179138
-1084052869
-1084001846
-1083900600
-1083812526
-1083805559
-1083510445
-1082389701
-1082184486
-1082098016
-1081895035
-1081438250
-1081423881
-1081150300
-1080993899
-1080622641
-1080433971
-1080402467
-1080068088
-1079967898
-1079852960
-1079640293
-1079540264
-1079374914
-1079296204
-1078872270
-1078203225
-1077925949
-1077875608
-1077834708
-1077709189
-1077292140
-1077174343
-1076959031
-1076872790
-1076773650
-1076720992
-1076671839
-1076150679
-1076118084
-1075783322
-1075586697
-1075172501
-1074978658
-1074923816
-1074596203
-1074530052
-1074484787
-1074394711
-1074337761
-1074050367
-1073831207
-1073738493
-1073733105
-1073725250
-1073689385
-1073686745
-1073662672
-1073605339
-1073592112
-1073516817
-1073452641
-1073160497
-1073079462
-1072668998
-1072556835
-1072486857
-1072169639
-1071758014
-1071685968
-1071635269
-1071581626
-1071359847
-1071285174
-1071222805
-1070837609
-1070737671
-1070687091
-1070503359
-1070436907
-1070326320
-1070263638
-1070202679
-1069646847
-1069486019
-1069088770
-1068960431
-1068817182
-1068397488
-1068300030
-1067892325
-1067784118
-1067378188
-1066915458
-1066553239
-1066430525
-1066355114
-1066267413
-1065962739
-1065943377
-1065896051
-1065758697
-1065737731
-1065615004
-1065498045
-1064899304
-1064692784
-1064348643
-1064075891
-1063287751
-1063042900
-1063038306
-1062914388
-1062717722
-1062579176
-1062062150
-1062021546
-1061914921
-1061814054
-1061305838
-1061211393
-1060890097
-1060841106
-1060602566
-1060525276
-1060171436
-1059942741
-1059790645
-1059270697
-1058571849
-1058463414
-1058242938
-1058213286
-1058070309
-1057869460
-1057345108
-1057048295
-1056969654
-1056864284
-1056854862
-1056610880
-1056584491
-1056431158
-1056407945
-1056307360
-1056084274
-1055281532
-1055067151
-1054845270
-1054814374
-1054773525
-1054606746
-1054587041
-1054546884
-1054439797
-1054403603
-1053940886
-1053916233
-1053453203
-1053375638
-1053204002
-1053075095
-1053012242
-1052887299
-1052792516
-1052515281
-1052381152
-1052217643
-1051938112
-1051808766
-1051781256
-1051027908
-1050793155
-1050728426
-1050583742
-1050576836
-1050221317
-1050148711
-1049720573
-1049203913
-1049196474
-1049111238
-1049054797
-1048983120
-1048758671
-1048564202
-1048248095
-1047951885
-1047754611
-1047703823
-1047637444
-1047274231
-1046971378
-1046592847
-1046568818
-1045926583
-1045675151
-1045597045
-1045466989
-1045310928
-1045079453
-1045057124
-1044620376
-1044552107
-1044361400
-1043762103
-1043417869
-1043376684
-1042945763
-1042789315
-1042397403
-1042258354
-1042190936
-1042090930
-1041984790
-1041895560
-1041779741
-1041776310
-1041236308
-1041215133
-1041075703
-1040754793
-1040585691
-1040349080
-1040321892
-1040084131
-1039922598
-1039819829
-1039740414
-1039720075
-1038976369
-1038806472
-1038716057
-1038477957
-1038366158
-1038181517
-1038072250
-1037918623
-1037813597
-1037708024
-1037644502
-1037268272
-1037127583
-1037028215
-1036915178
-1036689548
-1036684278
-1036537853
-1036298900
-1036008319
-1035816672
-1035655472
-1035584843
-1035210865
-1034298453
-1034210203
-1034091000
-1033822247
-1033767767
-1033357006
-1033264728
-1033262305
-1033107357
-1032854464
-1032774439
-1032723807
-1032682747
-1032581000
-1031908306
-1031757014
-1031702825
-1031121717
-1030965887
-1030493115
-1030040930
-1029884742
-1028629247
-1028618837
-1028278176
-1027687554
-1027167061
-1026615395
-1025608630
-1025468784
-1025416693
-1025317673
-1024616742
-1024517416
-1024325899
-1024244086
-1024040928
-1024032769
-1023911525
-1023644699
-1023546334
-1023498944
-1023287913
-1023058185
-1023018759
-1022714910
-1022658710
-1022077227
-1022001378
-1021688287
-1021172219
-1021097102
-1021078938
-1021032628
-1020370204
-1020349417
-1020008548
-1019724798
-1019652364
-1019495089
-1019285534
-1019280188
-1019262958
-1018649386
-1018534145
-1017589143
-1017517791
-1017378806
-1016879447
-1016392725
-1016212663
-1015619256
-1015613608
-1015124183
-1014871637
-1014215419
-1013597726
-1013245452
-1012876938
-1012438037
-1012063180
-1011736393
-1011700763
-1011651864
-1011528815
-1010936835
-1010729242
-1010393355
-1010364625
-1010278201
-1009881911
-1009599942
-1009580496
-1009436441
-1009134463
-1008995273
-1008929302
-1008895535
-1008282129
-1008239737
-1008168240
-1007059709
-1006865034
-1006394395
-1006297370
-1006116758
-1005831474
-1005518502
-1005137056
-1004794121
-1004742010
-1004577919
-1004513164
-1004209161
-1004195472
-1003939577
-1003427942
-1003352215
-1003249746
-1003063420
-1002811435
-1001003159
-1000782578
-1000666643
-1000128272
-1000023077
-999984548
-999734870
-999042341
-998986730
-998559096
-998470732
-998447368
-998378575
-997960494
-997917981
-996518249
-996478008
-996212242
-996059153
-995968578
-995831543
-995369037
-995366777
-995308935
-995244996
-994806716
-994778555
-994637862
-994507670
-994379479
-993870575
-993745790
-993674577
-993584384
-993523215
-993512850
-993336707
-993081071
-992913171
-992711866
-992527538
-992372924
-992249384
-992050637
-991701644
-991630122
-991067013
-990903275
-990808593
-990652016
-990351922
-990291671
-989992590
-989949403
-989669881
-989308217
-988792501
-988758569
-988024631
-987641765
-987559726
-987521455
-987386304
-987183804
-987054358
-986650456
-986409944
-986289893
-985930414
-985816073
-984938671
-984793927
-984741048
-983697840
-983431147
-983368585
-983167805
-982771603
-982312462
-982246354
-982041868
-981466148
-981358501
-981303913
-981160813
-981127793
-981000861
-980557733
-980470160
-980354671
-980179291
-979899817
-979737499
-979629302
-979572229
-979302735
-978929734
-978884359
-977900566
-977607684
-977591875
-977586440
-977429598
-977396122
-977178317
-977164930
-977118613
-976836885
-976400458
-976212942
-975288086
-975077733
-974957686
-974939751
-974788501
-974695070
-974489276
-974468429
-973840852
-973699867
-973667510
-973437092
-972983918
-972977110
-972748995
-972401234
-972370289
-972131530
-971441941
-971347656
-971338749
-971297493
-970989528
-970600043
-970365999
-970297945
-969743037
-969485593
-969465977
-969394533
-968992721
-968978948
-968733535
-968724438
-968135141
-968133097
-968058933
-967968421
-967885670
-967782980
-967601748
-967503612
-967240938
-967077213
-966769658
-966679479
-966639317
-966476098
-966072507
-966059797
-965987645
-965970757
-965916070
-964999191
-964805399
-964747404
-964722183
-964581961
-964535354
-964333824
-964155307
-963979294
-963906749
-963889979
-963686196
-963456753
-963453200
-963400111
-963389277
-962716530
-962691448
-962309558
-961937048
-961906168
-961901934
-961705955
-960836603
-960721459
-960439145
-959912618
-959256123
-959219291
-959133598
-959034866
-958982670
-958944017
-958817176
-958709695
-958270277
-957929749
-957570361
-957334690
-957282162
-957218803
-957201513
-956765284
-956664673
-956108402
-955654672
-955040644
-954979454
-954892022
-954833346
-954363140
-953887107
-953654262
-953537458
-953224353
-952917185
-952800546
-952757488
-952563665
-952561994
-952325431
-952293342
-952249892
-952238858
-951957557
-951847413
-951739907
-951553021
-951132357
-950954798
-950780139
-950494829
-950298513
-950245045
-950068095
-949973041
-949951556
-949786984
-949717699
-949612051
-949579387
-949531316
-949425936
-949326483
-948912402
-948694210
-948556876
-948539422
-948456981
-948308884
-948178212
-947907652
-947423749
-947234354
-946736931
-946620326
-946542996
-946533207
-946508589
-946376290
-946337534
-946288147
-946018815
-945936415
-945765299
-945401557
-945187627
-944986336
-944806317
-944774488
-944741117
-944410767
-944349339
-944292920
-944190462
-943693629
-943685483
-943621206
-943580621
-943539051
-942727317
-942532944
-942476453
-942218619
-942188764
-942185662
-942172164
-942043142
-941990629
-941943010
-941881897
-941849977
-941689936
-941458790
-941406709
-941025595
-940850874
-940662393
-940543375
-940539316
-939945946
-939333987
-938831601
-938642134
-937524909
-937471730
-936767469
-936527459
-936379922
-936200509
-936173213
-936110034
-936039077
-936008687
-935622491
-935612766
-935221515
-934927930
-934886521
-934805324
-934407630
-934199130
-933882730
-933642835
-933619979
-933501791
-933306093
-933303746
-932796636
-932635107
-932624149
-931952444
-931936628
-931732664
-931590998
-931492308
-931453100
-931396264
-931083374
-930949582
-930841989
-930839271
-930360098
-930148199
-929786667
-929679032
-929617751
-929421379
-928625040
-928464472
-928214945
-928202601
-927938343
-927743277
-927723540
-927277572
-927226315
-927114024
-926231672
-926069290
-925605253
-925545807
-925069211
-924955072
-924656611
-924397768
-924295919
-924254224
-923818813
-923748903
-923715677
-923280642
-923057620
-922666220
-922659700
-922544946
-922231116
-922221422
-921938548
-920658538
-920082439
-919947074
-919212898
-918915528
-918307042
-918297190
-917905099
-917684969
-917680345
-917677803
-917663618
-917579415
-917351852
-917265635
-917115992
-917043171
-916934319
-916630623
-916469502
-916332458
-916170725
-916066231
-915978449
-915829619
-915415247
-915070009
-914824287
-914654180
-913833902
-913517690
-913337751
-913046264
-913040144
-913030577
-912914837
-912655623
-912401591
-912170099
-912157830
-911755791
-911741625
-911663788
-911652477
-911530604
-911440808
-911372391
-911305515
-911119880
-911075921
-910400083
-909953815
-909835457
-909235613
-909116936
-909034865
-908753577
-908376829
-908261421
-908207254
-908134706
-907525016
-906654188
-906387340
-906383230
-906290873
-905845399
-905837175
-905574346
-905349600
-905335558
-905315458
-905216301
-905054890
-905032868
-904646930
-904644090
-904562020
-904334312
-904326158
-904143613
-903891386
-903713586
-903712001
-903592102
-903565321
-903487839
-903395817
-903339264
-902715338
-902595287
-902377327
-901916732
-901912660
-901822834
-901693304
-901544229
-901346454
-901265998
-901243061
-901074499
-900423922
-900328458
-899995134
-899832317
-899560405
-899517064
-899411113
-899092219
-898945465
-898866787
-898391413
-898377047
-898238638
-898225528
-897582786
-897560301
-897242753
-896869656
-896771366
-896619921
-896446638
-896121489
-895651252
-895538680
-895342090
-895225779
-895020363
-894729512
-894376967
-894336571
-893264551
-892515549
-892419845
-892236460
-891886091
-891790717
-891731362
-891676867
-891471669
-891421666
-891065229
-890924786
-890695893
-890635350
-890472548
-890056468
-889869008
-889846923
-889792638
-889598901
-889554295
-889471284
-889425695
-889222048
-889079779
-889014877
-888400061
-888202033
-888147309
-887949708
-887915111
-887231932
-887110221
-887019500
-886755705
-886696592
-886687920
-886687755
-886674290
-886412342
-886331500
-886204540
-885952566
-885891893
-885888897
-885887291
-885825618
-885779787
-885487188
-885017720
-884748137
-884643272
-884139384
-883908686
-883807583
-883348126
-882783093
-882747841
-882378898
-882357849
-882343248
-882193200
-882001118
-881962054
-881620477
-881502324
-880684358
-880294546
-880048543
-879651083
-879566646
-879207460
-879187307
-879149374
-878777569
-878463194
-878401160
-877987737
-877894197
-877869840
-877720367
-877692526
-877631417
-877513736
-877433632
-877219372
-876924251
-876592353
-876347670
-876267524
-876188419
-875818137
-875321923
-875175218
-875125880
-874973551
-874925518
-874785320
-874679271
-874647113
-874600950
-874534504
-874389860
-874024239
-873991142
-873424240
-873406208
-873156039
-873118573
-873118096
-873115149
-872906309
-872797532
-872503005
-871209062
-871055542
-870531948
-870464824
-869996878
-869847777
-869299020
-868812636
-868255753
-867343247
-867010228
-866701899
-866577207
-866382504
-866379816
-865983876
-865965179
-865785892
-865612925
-865506769
-865236323
-864875483
-864872435
-864789173
-863819620
-863783205
-863775038
-863713249
-863239329
-863061317
-862945493
-862844757
-862819174
-862617176
-862301579
-862251400
-861918825
-861878847
-861551626
-861301723
-861075643
-861023566
-860543008
-860460153
-860219006
-859948933
-859550227
-859419647
-859295940
-859217311
-859053294
-859037071
-858913523
-858729015
-858597622
-858358748
-858040323
-857913418
-857760236
-857691177
-857555315
-857163830
-857008794
-856925043
-856793528
-856216069
-856073425
-856041037
-856005264
-855941389
-855914210
-855872808
-855806422
-855669840
-855275563
-854927765
-854868160
-854800335
-854728385
-854655909
-854402919
-854339196
-854299163
-853143371
-853087761
-852938654
-852410925
-852283641
-852029909
-852024663
-851748621
-851675663
-851549640
-851110795
-850928426
-850809128
-850297926
-849842192
-849141739
-849117244
-848882434
-848739000
-848454332
-848272737
-848179832
-848122985
-847977730
-847922766
-847894642
-847852124
-847536588
-847412671
-846750862
-846614267
-846599804
-846395251
-846187756
-846080486
-845825006
-845497554
-845424880
-845275885
-844664631
-844584413
-844171577
-843471700
-842751821
-842669342
-842378628
-842262182
-842261504
-842188090
-841894868
-841699620
-841641794
-841601360
-841414604
-841105314
-840993198
-840714177
-840704663
-840424268
-840273354
-840064918
-839816079
-839790658
-839761130
-839290375
-839274545
-839102384
-838984863
-838906003
-838811521
-838520812
-838514110
-838311090
-838135966
-837623135
-837571985
-837204661
-836782274
-836729744
-836680050
-836505706
-836430209
-836298370
-836126893
-836075336
-836059866
-835798394
-835560899
-835272918
-835142939
-834652976
-834475435
-834368313
-834071999
-834009243
-833931990
-833322257
-832805373
-832683385
-832662994
-832534997
-832531618
-832437871
-832340293
-832155261
-831602606
-831368235
-831318408
-831004042
-830989601
-830845621
-830623998
-830512176
-829813294
-829637117
-829522941
-829343307
-829282243
-829149058
-829042903
-828920116
-828821345
-828699265
-828671822
-828065985
-827569951
-827205029
-826698809
-826319813
-826094262
-825898439
-825542736
-825541242
-825473420
-824857123
-824478682
-824215363
-823528720
-822745661
-821980836
-821899015
-821433325
-821386263
-821377528
-821359876
-821224960
-821005712
-820733928
-820707660
-820485955
-819984692
-819790213
-819530162
-819065723
-818992274
-818640727
-818567694
-818140107
-818041763
-818038345
-817733000
-817732005
-817453772
-817323167
-816640456
-816077175
-816016150
-815993255
-814717830
-814658524
-814237272
-814084524
-814009999
-813636744
-813521514
-813099487
-813018572
-812999822
-812842728
-812840654
-812527212
-812113556
-812085571
-811699193
-811649819
-811474578
-811380337
-810764170
-810476032
-810472435
-810263358
-810116067
-810042792
-809876829
-809605670
-808893169
-808327897
-808260305
-808202332
-808103221
-807546387
-807476003
-807057486
-806958287
-806754253
-806467298
-806011723
-806011628
-805946949
-805888173
-805527697
-805232068
-804423767
-804232264
-803625044
-803446355
-803326673
-803308952
-803222730
-803103186
-803098412
-803016464
-802980079
-802868947
-802366631
-801971273
-801879860
-801728019
-801450606
-801450491
-800984825
-800977250
-800868506
-800850551
-800831249
-800826718
-800705112
-800687243
-800436254
-800205043
-800172432
-800048471
-799759958
-799713139
-799199615
-799075538
-798865130
-798706829
-798557062
-798461154
-798327674
-798289483
-797936223
-797606769
-796777879
-796377201
-796321395
-795842560
-795768416
-795462500
-795394259
-795034701
-794880892
-794795662
-794779221
-794708798
-794288794
-794217276
-794123069
-793962611
-793753893
-793620882
-792997184
-792296964
-791992690
-791865985
-791745017
-791741349
-791657143
-791399972
-791031402
-790446595
-790096154
-789962213
-789666394
-789643779
-789424493
-789168059
-789088888
-789068182
-789012982
-788494454
-788289082
-788116525
-788018541
-787485509
-787265768
-787089072
-786803761
-786780905
-786687208
-786513787
-786343734
-786227595
-786213025
-785724967
-785665513
-785541286
-785404583
-785289495
-784946403
-784877312
-784632409
-784313938
-784122944
-783874735
-783638776
-783636406
-783466590
-783300628
-782988134
-782864622
-782698612
-782622122
-782273910
-782062677
-781707066
-781625103
-781432837
-781426322
-781077047
-780894605
-780246579
-780224309
-780110642
-780039362
-779736579
-779336026
-778663613
-778505653
-777628270
-777354854
-776970492
-776558056
-776470498
-776468817
-776316159
-776134968
-775745903
-775295421
-775140377
-775010150
-774836605
-774376726
-774080444
-773816641
-773649534
-773424499
-773392462
-773152191
-773151941
-771986559
-771922930
-771335714
-771227381
-771023504
-770935631
-770749788
-770442447
-770187090
-769948231
-769736939
-769590586
-769491500
-768770770
-768662752
-768318763
-768184757
-768092788
-767793194
-767762251
-767645710
-767569907
-767416563
-767413081
-766822577
-766765120
-765949759
-765782202
-765758282
-765696326
-765594448
-765172006
-765122379
-765097113
-765071523
-764950152
-764815307
-764429914
-764186599
-764028323
-763828503
-763757960
-763626250
-763396326
-763134056
-762981192
-762457020
-761925844
-761744325
-761622998
-761563962
-761392187
-761351367
-761143673
-760685302
-760656773
-760217474
-760213075
-760148031
-760017657
-759890968
-759055007
-759007077
-758814650
-758639905
-757757947
-757740908
-757711778
-757692915
-757592390
-757521526
-757413362
-757260277
-757178807
-756687588
-756625629
-756007228
-755770809
-755768473
-755548170
-755119451
-754811051
-754693674
-754622886
-753941365
-753278446
-753004467
-752955169
-752471023
-752428872
-752401487
-752324737
-752234224
-752049058
-751901635
-751846643
-751760106
-751655990
-751336403
-751318185
-751154712
-751085739
-750347715
-750148035
-750012083
-749930021
-749817485
-749733783
-749672606
-749239820
-749100029
-749082231
-748961387
-748793273
-748720661
-748712427
-748591008
-748478724
-748349846
-748172384
-748145902
-748056382
-747699532
-747488934
-747382132
-746935658
-746896486
-746792767
-746758181
-746712986
-746664470
-746637452
-746549077
-746538811
-746430508
-746223210
-746020076
-745711559
-745626598
-745497017
-745407400
-745198867
-745165990
-744852714
-744836628
-744575643
-744327973
-744173005
-744034933
-743804165
-743717918
-743676579
-743616201
-743224002
-742724790
-742494518
-742441652
-742436124
-741988956
-741692568
-741469614
-741257608
-740962576
-740849359
-740716163
-740555576
-740320151
-740246503
-740218609
-740164999
-739979772
-739860589
-739770665
-739511608
-739425752
-739186879
-738954873
-738836980
-738583005
-738260164
-738204015
-738162091
-738015496
-737922976
-737342590
-737061070
-736866648
-736568233
-736493377
-735908699
-735563724
-735086924
-734863751
-734856146
-734831774
-734811541
-734734791
-734342246
-734334356
-733876921
-733645150
-733320250
-732976879
-732916507
-732807493
-732587717
-732348689
-732344176
-731808925
-731657828
-731435702
-730749241
-730291790
-730039112
-730015480
-729964013
-729959218
-729837476
-729619111
-729615009
-729515258
-729312247
-728468875
-728226820
-727789099
-727784790
-727771820
-727232003
-727156896
-726938685
-726794077
-726575345
-726267290
-726211256
-726210908
-726031497
-725705017
-725652500
-725511864
-725401471
-725365515
-725142860
-725133568
-724580471
-724453811
-724129040
-723668280
-723523989
-723194979
-722571574
-722346487
-722306154
-721888367
-721822326
-721678403
-721673347
-721402126
-721225085
-721054465
-720624576
-720416556
-720303546
-720100583
-719875256
-719844184
-719589549
-719523607
-718988571
-718413746
-718258002
-718251472
-717432532
-717112945
-716865824
-716800136
-716644989
-716593136
-716249593
-716087995
-715749341
-715471290
-714939247
-714707349
-714335831
-714245570
-713906801
-713692360
-713480676
-713396180
-712899803
-712528254
-712420200
-712046119
-711825611
-711803855
-711780099
-711691153
-711509133
-711380331
-711337256
-711224860
-711184145
-711169772
-710978994
-710957814
-710759845
-710599758
-709755047
-709639342
-709232286
-709167541
-708801657
-708767765
-708753862
-708527499
-708047397
-707683392
-707597985
-707593921
-707470238
-707354916
-707035673
-706927784
-706543173
-706359043
-706265943
-705954312
-705512081
-705338092
-705262450
-705227041
-705064927
-704941037
-704895091
-704548320
-704494993
-704335779
-704331847
-704151292
-704068244
-703668413
-703586404
-703088287
-702990383
-702977881
-702433428
-702324453
-702226301
-702194603
-702180034
-702176909
-701860121
-701370883
-701351605
-701256814
-700035292
-699999021
-699782162
-699717656
-699664716
-699570627
-699474077
-699314212
-699229261
-699190324
-699070552
-698983719
-698563114
-698455565
-698348313
-698331660
-697917245
-697633331
-697582173
-697559038
-697557388
-697480198
-697378962
-696925984
-696800673
-696431536
-696206896
-696126374
-695905134
-695803416
-695748959
-695669377
-695341429
-695175774
-694813730
-694643296
-694626670
-694514249
-694351439
-694156100
-694098694
-693688499
-693457116
-693161867
-693092613
-692613409
-692474786
-691896874
-691402276
-691042910
-691003133
-690848660
-690312153
-690087572
-689738091
-689385362
-688894279
-688571799
-688424781
-688395136
-688034879
-688029351
-687882967
-687855659
-687849690
-687340703
-687335772
-687283978
-687083936
-687025533
-686893408
-686547836
-686243172
-685837998
-685800016
-685582919
-685340624
-685155349
-684877097
-684684644
-684664373
-684607875
-684317883
-684236643
-684192614
-683826658
-683437545
-683371838
-683251270
-682713218
-682659200
-682409257
-681820001
-681487199
-681431488
-681425805
-681420730
-681254521
-681177370
-680966475
-680757580
-680400277
-679907564
-679759388
-679603747
-678801977
-678501580
-677388595
-677056794
-677034129
-676967455
-676959908
-676916036
-676576508
-675929454
-675409096
-675379919
-675378254
-674810824
-674367210
-674365676
-673786256
-673753950
-673461856
-673217357
-673054678
-672935896
-672542821
-672327465
-672000173
-671161167
-670267679
-670183020
-669799033
-669720476
-669711041
-669570217
-669498874
-669146558
-668971474
-668971280
-668639712
-668549489
-668168492
-668008199
-667672450
-667659178
-667656183
-667506578
-667411180
-667394594
-667122068
-666948394
-666939491
-666628191
-666380085
-666278053
-665687381
-665615286
-665529833
-665454677
-665385819
-664909776
-664757696
-663978945
-663528860
-663459741
-663390063
-663339944
-663187448
-663066093
-662656242
-662533691
-662382227
-661485509
-661215150
-661158539
-661027755
-660675680
-660450314
-659595929
-659412751
-659214772
-658938731
-658827311
-658643162
-657828309
-657228701
-654835617
-654757325
-654555026
-654506482
-654266796
-653473536
-653384926
-653349015
-653245145
-653145979
-652166600
-652040426
-652026711
-651912309
-651745521
-651685515
-651603231
-651579849
-651302447
-650952367
-650932605
-650701020
-650403896
-650213842
-650207854
-649930062
-649878300
-649788599
-649678469
-649636152
-648633435
-648079741
-647946218
-647806980
-647779882
-647740750
-647626715
-647511698
-647452746
-647447220
-647283057
-646918549
-646839697
-646791320
-646505156
-646114863
-646046981
-645905902
-645682099
-645594201
-645117614
-644943963
-644918678
-644791883
-644608936
-644479257
-644373103
-644314108
-644205447
-644100598
-643922945
-643606507
-643509327
-643484534
-643436159
-642974242
-642969237
-642945543
-642155848
-642048426
-641375499
-641295532
-641281357
-641217215
-640885146
-640818722
-640790581
-640717234
-640593882
-640179317
-640020180
-639922355
-639754998
-639718322
-639635246
-639404673
-639277365
-639102561
-638899138
-638584825
-638370408
-638192469
-638106248
-637996884
-637386502
-637036059
-636964703
-636960773
-636367866
-635781408
-635742255
-635564523
-635221358
-635213365
-635100992
-634732236
-634617225
-633904379
-633652742
-633407136
-633279440
-633073434
-632880150
-632838685
-632776056
-632669168
-632471019
-631899398
-631757987
-631714230
-631702558
-631516606
-631488389
-631306623
-631160905
-630987884
-630809744
-630276205
-630266345
-630119229
-629657425
-629568893
-629567470
-628653679
-628486629
-628405086
-628128903
-627022046
-626924180
-626871319
-626778319
-626124271
-626114081
-625950354
-625347369
-625088125
-624766913
-624221785
-623933332
-623929411
-623791886
-623710811
-623333325
-623143503
-622913674
-622844959
-622767959
-622689953
-622583663
-622499790
-622432963
-622421890
-622143277
-622085841
-621543899
-621514118
-621359386
-621105693
-620957041
-620836946
-620814263
-620668646
-620369048
-620334658
-620147450
-620084296
-619988249
-619916481
-619118908
-618709497
-618635347
-618490598
-617974035
-617861197
-617833058
-617651126
-617596528
-617566538
-617450288
-617137315
-616845918
-616430408
-616352483
-616022600
-615328865
-615146098
-614962360
-614846216
-614155893
-614152789
-614017965
-613913986
-613866005
-613820674
-613549657
-613253643
-612993533
-612669587
-612573049
-611938008
-611787483
-611744129
-611059819
-610896313
-610821199
-610782745
-610095582
-609861457
-609803433
-609660384
-609572440
-609108352
-608994184
-608757686
-608417084
-608305700
-608163313
-607729170
-607667221
-607632495
-607503807
-607354252
-607028784
-606998123
-606653426
-606632879
-606523423
-606365916
-606350633
-606269228
-605990365
-605972328
-605892729
-605525436
-605439422
-605404512
-605034236
-604863030
-604848447
-604742107
-604660287
-604494393
-604474684
-604401165
-604133603
-604126324
-604082084
-603902029
-603536289
-603404574
-603217987
-603074337
-602976239
-602697867
-602652788
-602468472
-602092347
-601986171
-601966260
-600923024
-600827212
-600450785
-599682808
-599337537
-598863600
-598707542
-597775749
-597663645
-597622878
-597284445
-596875117
-596760279
-596672259
-596406191
-595134265
-595075528
-594917656
-594894424
-594812834
-594312605
-593861908
-593718529
-593644996
-593497990
-593148665
-592741884
-592697879
-592327292
-592195453
-592184004
-592173224
-591799736
-591559637
-591172349
-591147317
-590939658
-590918762
-590836363
-590651489
-590601216
-590347681
-590074185
-590052960
-589754974
-589675711
-589591703
-589451904
-588898809
-588887821
-588815878
-588701649
-588682573
-588555757
-588202608
-587991366
-587244770
-587168485
-586956936
-586876793
-586668774
-586322010
-585917297
-585758959
-585679659
-585428224
-585270802
-585023021
-584763064
-583901818
-583629832
-583020332
-582986313
-582496248
-582315879
-581839880
-581780779
-581725315
-581662703
-581514865
-581507391
-581408140
-581210877
-580877216
-580788827
-580641810
-579773256
-579522340
-579304725
-578832680
-578830885
-578795136
-578553868
-578059433
-577546056
-577449863
-577174537
-577108116
-576931475
-576532664
-576344982
-576134565
-575883495
-575543465
-575535503
-575482617
-575230672
-574957416
-574281512
-574272476
-574008497
-573825768
-573678730
-573274587
-573108139
-573011103
-572800677
-572203510
-572042391
-571847551
-571795313
-571689048
-571679868
-571669673
-571479830
-571206170
-570383850
-570033140
-570005054
-569925514
-569895821
-569012754
-568967751
-568569767
-568458413
-568382276
-568279259
-567533039
-566562122
-566504349
-566410692
-566379094
-565925200
-565920729
-565261037
-565125229
-565105290
-565082449
-564850183
-564767998
-564641652
-564429281
-564303598
-563985797
-563900350
-563778415
-563675850
-563328496
-563261828
-563043813
-562577352
-562445366
-562229872
-561871410
-561429111
-560757403
-560379789
-560318239
-560315774
-560159707
-559994665
-559905600
-559659007
-559416938
-559060099
-559000993
-558912440
-558805508
-558688859
-558431268
-558415759
-558406262
-558372353
-557804521
-557762893
-557074698
-556921893
-556850954
-556133152
-556058609
-555621839
-555157478
-555098420
-554505499
-554399441
-553903030
-553757756
-553525713
-552999257
-552959858
-552645361
-551883874
-551434916
-551262642
-551200642
-551007378
-550933305
-550734534
-550403538
-550242022
-550157435
-549721598
-549710636
-549402368
-548984473
-548724404
-548568829
-548453342
-548338566
-548270298
-548103801
-548017912
-547489450
-547486456
-547257339
-547102485
-546566577
-546552100
-546527794
-545739788
-545441218
-545021875
-544456729
-544225582
-543390050
-543333083
-543292655
-542971141
-542776582
-542659979
-542477878
-542340978
-541824411
-541808309
-541767313
-541530093
-541430940
-541382342
-541308047
-540765936
-540549070
-540425707
-540297231
-540098036
-539758137
-539715485
-539705812
-539611038
-539538060
-539354757
-539142743
-538984573
-538970184
-538937219
-538317287
-538190923
-538158789
-537729496
-537618750
-537578507
-537071485
-536798492
-536483376
-536190046
-535643814
-535625054
-535437657
-535418262
-535317025
-535174606
-535147003
-535100200
-535000322
-534884728
-534822426
-534804692
-534620813
-534356550
-533913137
-533735799
-533607737
-533501072
-533216340
-532882997
-532845526
-532594788
-532563168
-532534368
-532381453
-531860157
-531758226
-531708117
-531666138
-531638776
-531262888
-531053934
-530748464
-530736983
-529601866
-529495602
-529410654
-529077837
-528973336
-528829702
-528647173
-528171742
-528126268
-527571458
-527451046
-527418970
-527239265
-526884359
-526859685
-526703052
-526643781
-526461628
-526204451
-525968024
-525770196
-525680398
-525583233
-525148172
-524769946
-524756982
-524497972
-524282845
-523876859
-523829793
-523732546
-523527525
-523292548
-523227434
-523120167
-522722411
-522562171
-522405121
-522101328
-521869102
-521629482
-521479041
-521232131
-521008093
-520840176
-520799779
-520754257
-520715509
-520292312
-520068407
-520016581
-519918068
-519885234
-519655562
-519497742
-518906337
-518113027
-517592938
-517485516
-517381017
-516906187
-516854712
-516470408
-516177316
-516143740
-515808534
-515606141
-515499968
-515222835
-514859867
-514704140
-514493679
-514267112
-514259589
-514258191
-514243750
-514170648
-514160252
-514127213
-513834219
-513775222
-513670405
-513622789
-513606447
-513486249
-513216146
-513116146
-512947896
-512578071
-512421531
-512357391
-512092563
-511929309
-511037743
-511003546
-510747269
-510508871
-510352745
-510154401
-509612641
-509554051
-508727674
-508415648
-508187081
-508130725
-507893891
-507704328
-507637640
-507300108
-507225444
-507091806
-506908476
-506747583
-506690847
-506686070
-506435389
-506403000
-506371620
-506264290
-506057984
-505957318
-505802474
-505684599
-505640750
-504602887
-504491074
-504245276
-503720880
-503653412
-503431433
-503375591
-503367661
-503212722
-503127099
-502906446
-502872831
-502706717
-502671945
-502472607
-502452270
-502085941
-501336458
-501307643
-500966606
-500413346
-500213854
-499908714
-499687135
-499652620
-499214911
-498834389
-498800070
-498335261
-498323781
-497891821
-497512883
-497441243
-497273685
-497136415
-496869830
-496648129
-496631356
-496552733
-496138719
-496135250
-495875562
-495863919
-495759233
-495720182
-495584757
-495327934
-494914493
-494439620
-493879384
-493102531
-493099032
-492987690
-492865586
-492636699
-492608072
-492462286
-492438304
-492059351
-491854947
-491776155
-491742567
-491421023
-491337391
-491101519
-490766746
-490741091
-489577389
-489346130
-489257057
-489101116
-488425997
-487896341
-486632702
-486134515
-486117314
-486107925
-485586371
-485107680
-484459075
-484302032
-484231863
-484006470
-483919481
-483252994
-483065878
-482836370
-482722409
-482634498
-482386656
-482220244
-482153297
-481942309
-481763332
-481631903
-481185430
-481156305
-481014681
-480882622
-480851386
-480441132
-480427123
-479926942
-479886181
-479542648
-479276266
-479076687
-478896232
-478593674
-478534383
-478125951
-478022151
-477748209
-477691699
-477683446
-477610715
-477504597
-477402624
-476680748
-476195637
-475720559
-475599587
-474652565
-474178699
-474112220
-473445094
-473187985
-473050044
-472239153
-472221118
-472019050
-471655370
-471322652
-471039632
-471005193
-470846078
-470729328
-470496839
-470453798
-470349424
-470050824
-469970838
-469685516
-469658742
-469603389
-469483337
-468923862
-468765595
-468517790
-468480394
-468406949
-468328555
-468134530
-467508923
-467337930
-467324974
-467140894
-465916271
-465897468
-465735182
-465732686
-465466654
-465223951
-465196765
-465138901
-464832071
-464630111
-464330441
-464295547
-464043589
-463387083
-463380786
-463356248
-463282883
-462935037
-462375420
-462250896
-462082331
-461635326
-461253818
-461247676
-461222164
-460553489
-460353957
-460265743
-460212629
-460094900
-460030079
-459742374
-459717458
-459555569
-459150120
-458526520
-458497139
-458338544
-457985100
-457906342
-457810931
-457388681
-457234020
-457214664
-456919309
-456789112
-456697897
-456535758
-455406639
-455187898
-455125894
-455072847
-455034212
-454691865
-454513574
-454434618
-454385583
-453537799
-453375634
-453343039
-452253411
-452112251
-452102483
-451963693
-451946287
-451920370
-451874779
-451723635
-451339493
-450660099
-450340710
-450078422
-449757021
-449413266
-449324491
-449233917
-449157868
-449104650
-449074547
-449035873
-448921082
-448787319
-448701164
-448222632
-447914312
-447810323
-447771040
-447546001
-447442749
-447227645
-446895946
-446615744
-446449884
-446214828
-445539370
-445464330
-445324736
-445205175
-445017455
-444787103
-444726090
-444545362
-444410345
-443982256
-443643653
-443437153
-443342458
-443132853
-443115715
-443014333
-441977676
-441887765
-441707617
-441644899
-441531814
-441499669
-441411233
-441139904
-440788137
-440461989
-440434328
-440364382
-440362892
-439978778
-439927353
-439780446
-439751169
-439510828
-439438749
-439211222
-438346104
-438214225
-437899609
-437532176
-437406723
-437351935
-437316731
-437092933
-436558307
-436400737
-436187780
-436073618
-435833629
-435819364
-435752570
-435710122
-435648390
-435635597
-435577823
-435141600
-435027163
-434534903
-434272309
-433881309
-433796452
-433795552
-433499409
-433015149
-432973222
-432887607
-432610553
-432538155
-432470138
-432039445
-431624713
-431233693
-431012505
-430803097
-430246855
-430086773
-429836169
-429039508
-429001189
-428981042
-428837718
-428522143
-428334833
-428188299
-427864378
-427190739
-427117752
-426180880
-425802711
-425604776
-425375335
-425148137
-425087013
-425028671
-424747664
-424552552
-424497859
-424478906
-424134735
-423967274
-423444977
-423429695
-423075537
-422995780
-422968589
-422502797
-422398048
-422218712
-421786495
-421494005
-421416160
-420980816
-420897903
-420833150
-420285879
-420215268
-420062446
-420027517
-419887963
-419776925
-419385072
-419306779
-419254966
-419010619
-418893744
-418765667
-418704395
-418663885
-418542205
-418446208
-418397090
-418319489
-417935407
-417425903
-417335582
-416753594
-415562085
-415291983
-414971733
-414938336
-414848195
-414568076
-413542967
-412975842
-412697864
-412660901
-412004076
-411926230
-411656393
-411571266
-411171880
-410810292
-410759789
-410136650
-409806597
-409630785
-409384152
-409041706
-408883586
-408675546
-408553716
-408436128
-408104966
-408005679
-407845850
-407592153
-407404239
-407356012
-407249508
-407132708
-407043313
-406842059
-406584860
-406420142
-406234020
-405960088
-405884641
-404971828
-404953396
-404309725
-404295178
-404262395
-404105665
-404071499
-403848961
-403497718
-403313876
-402974279
-402921958
-402654321
-402586883
-402534216
-402452033
-402370695
-402244135
-402083314
-401869571
-401570755
-401558763
-401548565
-401432093
-401285229
-401253090
-401157906
-399930706
-399860159
-399546343
-399445459
-399396979
-399333289
-399329166
-399136212
-399100639
-398807721
-398542196
-398088514
-398065587
-397763096
-397506465
-397418423
-397391335
-396938410
-396616837
-396539101
-396340690
-395895939
-395600738
-395543859
-395354783
-395053620
-394556763
-393885259
-393728490
-393634131
-393410725
-393267305
-393227283
-392951319
-392676781
-392033293
-392020831
-391870826
-391861457
-391845390
-391828711
-391749782
-391677857
-391070513
-391038842
-390861473
-390848208
-390757492
-389986056
-389892487
-389891383
-389890923
-389744043
-389562908
-389022165
-388762812
-388638843
-388613295
-388561619
-388491927
-388409361
-388149697
-387358380
-386686283
-386661194
-386648660
-386387602
-386087891
-385879248
-385873454
-385781775
-385680591
-385284809
-385252924
-384830541
-384771293
-384744468
-384724302
-384606772
-384261825
-384222695
-384155664
-383687044
-383090184
-382797402
-382788470
-382550531
-382496000
-382481700
-382363002
-382300869
-381669779
-381539353
-381369201
-381052928
-380891560
-380213180
-379992836
-379965101
-379657237
-379647835
-379626991
-379580550
-379579287
-379104092
-378756907
-378690880
-378645571
-378587715
-377827056
-377543813
-377472399
-376815962
-376497645
-376235625
-376173190
-376002145
-375649820
-375531636
-375435288
-375317278
-375306479
-375238364
-374991348
-374818622
-374798835
-374715796
-374621552
-374425704
-374412561
-374052665
-373937548
-373552325
-373460829
-373426987
-373426272
-373229469
-372981302
-372602386
-372426901
-372172106
-371491332
-370828506
-370614124
-370292060
-370273129
-370159796
-369839179
-369682241
-369514904
-369329414
-369317666
-368998579
-368771262
-368653496
-367709682
-367610960
-367484300
-367256046
-366532843
-366044027
-365518522
-365194144
-364510908
-364076749
-363559053
-363368645
-363294768
-363019326
-362871065
-362854828
-362350759
-362347976
-362325079
-361992205
-361980228
-361973042
-361869714
-361786804
-361610936
-360820288
-360727756
-360218154
-360115114
-360091378
-360074752
-360045468
-359900650
-359860583
-359238987
-359025625
-358878962
-358495546
-358473393
-358295805
-357940340
-357915145
-357838601
-357566342
-357473570
-357388216
-357127511
-357095248
-356988025
-356798715
-356194239
-355633188
-355631248
-355519775
-355101319
-354987387
-354834510
-353850813
-353173310
-353141220
-352857619
-352823948
-352812873
-352346746
-352323569
-352215855
-352092991
-351652895
-351558004
-351497094
-351387792
-351298897
-350588667
-350383898
-350362777
-349843904
-349604705
-349575989
-349462009
-349230429
-349183471
-349161866
-348934036
-348544507
-348369335
-348175035
-347902002
-347611910
-347533832
-347420600
-347026584
-346603094
-346302995
-345783362
-345544298
-345488780
-345478885
-345113534
-345064000
-344419378
-344058873
-344036582
-343874152
-343811900
-343726475
-343587354
-343560206
-343469716
-343028471
-342831287
-342696271
-342673586
-342429013
-342367545
-342154318
-342033580
-342004430
-341640476
-341586843
-341537304
-341406673
-341346419
-341253740
-340930208
-339890927
-339882086
-339696165
-339685329
-339328619
-338744493
-338562113
-338548778
-338025287
-338015338
-337916800
-337655342
-337031193
-336951225
-336884492
-336841548
-336439931
-336409173
-336394409
-336316668
-334748491
-334565387
-334473249
-333858007
-333801734
-333632440
-333418712
-333286036
-332972719
-332929281
-332888156
-332785156
-332756151
-332706993
-332358130
-332130027
-332000085
-331928840
-331908240
-331855752
-331592155
-331075721
-330848735
-330688176
-330567606
-330327380
-330206964
-330160776
-330110679
-330026012
-329367694
-329318954
-329283040
-329156913
-329010107
-328240734
-328156065
-327853818
-327678606
-327641324
-327571332
-327411059
-326980020
-326905711
-326727378
-325488694
-325390878
-325377930
-325085051
-325055945
-324842017
-324809449
-324695091
-324634607
-324458844
-324301042
-324151503
-324100342
-323799089
-322990095
-322905433
-322701495
-322670443
-322270434
-322017361
-321884268
-321831744
-321803953
-321498220
-321378925
-321112405
-320974306
-320344219
-319884035
-319820125
-319369325
-319306103
-319260153
-319190691
-319017135
-318809415
-318744717
-318074326
-317711661
-317445510
-317167013
-317140557
-317140025
-316829114
-316418226
-316076328
-315831375
-315638273
-315486537
-315327720
-315105913
-314551587
-314506486
-314308983
-313697315
-313636573
-313510330
-313246978
-312929624
-312796146
-312567029
-312450220
-311680690
-311111209
-310759683
-310715001
-310615254
-310385178
-310060897
-309919292
-309901158
-309439687
-309433401
-309261933
-309191440
-309188624
-309029495
-308991074
-308015539
-307735663
-307522847
-307464305
-307095777
-307079385
-306603952
-306172909
-305528844
-305124307
-305103122
-304667884
-304455521
-304423578
-304133539
-304116495
-303377521
-303145287
-302994924
-302951462
-302876953
-302788337
-302256805
-302206997
-302079729
-302047188
-301832400
-301080732
-300598656
-300495833
-300270476
-300262372
-299497870
-299118588
-298746841
-298583568
-298299614
-298009078
-297997613
-297101563
-296755880
-296731659
-296428012
-296063176
-295854197
-295737513
-295611883
-295611632
-295598312
-295395875
-295251201
-294923867
-294794120
-294725207
-294541959
-294474289
-294196678
-293841948
-293774473
-293770143
-293725757
-293160190
-293125700
-292969676
-292899853
-292821040
-292522819
-292447022
-292408460
-292320058
-292220031
-291979050
-291708742
-291501612
-291224034
-291110819
-290838267
-290792083
-290685791
-290056839
-289878804
-289834203
-289785291
-289504663
-288956190
-288934528
-288833952
-288393001
-288094550
-287883373
-287522043
-286726757
-286643870
-285491070
-285477326
-285433039
-285407962
-285107496
-285084952
-284665326
-284411957
-284203330
-284078230
-283743231
-283492187
-283075508
-282967087
-282909430
-282839898
-282569670
-282346709
-281950177
-281942060
-281688457
-281079087
-280951627
-280712395
-280660138
-280289644
-280263478
-280138592
-280004854
-279997645
-279991770
-279668729
-279578393
-279562718
-278925899
-278692388
-278496086
-278476014
-278361581
-278309674
-278165120
-278006664
-277841692
-277558344
-277311575
-277301568
-276355446
-276301194
-276244162
-275814452
-275600616
-275516667
-275316264
-275267188
-274853440
-274822187
-274629637
-274530396
-274321448
-274025934
-273945393
-273728896
-273674397
-273410998
-273325466
-273034768
-272316036
-272252172
-272043790
-271708860
-271623145
-271499273
-271459699
-271435651
-271386846
-271233002
-271188380
-270998335
-270350142
-270085994
-269749938
-269499048
-269008539
-268997723
-268350296
-268286930
-268206132
-268166603
-267763065
-267676583
-267659146
-267627282
-267453543
-267209418
-267158803
-267105504
-267069571
-267043959
-266428085
-266268138
-266014427
-265915975
-265769036
-265592867
-265491202
-265422866
-265293842
-265154295
-264877798
-264702123
-264667844
-264230693
-263870179
-263541668
-263429227
-263153240
-262114823
-261840011
-261638891
-261515106
-261484171
-261441121
-260644487
-260574778
-260369521
-259834568
-259822516
-259761987
-259529393
-259361958
-259234984
-258887149
-258765950
-258716950
-258592321
-258400191
-257818810
-257816722
-257386043
-257365089
-257290056
-256783983
-256715817
-256475615
-255912915
-255892345
-255762791
-255482170
-255195234
-255059670
-254519890
-254419306
-254275891
-254162220
-254004828
-253947405
-253694315
-253339167
-253256612
-253224765
-253140040
-252628223
-252402389
-251954839
-251054866
-250855251
-250798646
-250746167
-250708648
-250660375
-250610196
-250469586
-250454073
-250444238
-250291544
-250268129
-250094572
-249679020
-249471543
-249351926
-249155722
-248876974
-248778481
-248551187
-248550434
-248491295
-248435025
-248187461
-247893277
-247313510
-247039208
-246989657
-246936565
-246804006
-246739979
-246190112
-245842003
-245740752
-245337009
-245321235
-244924938
-244893820
-244844425
-244463952
-244454328
-244363955
-244130878
-243756403
-243504530
-243171815
-242946925
-242747679
-242575805
-242266955
-242236274
-242038783
-241966028
-241841377
-241782606
-241604484
-241455179
-241414447
-241375580
-241173878
-241148472
-241018777
-240972624
-240814570
-240685165
-240663152
-240595743
-240414098
-240246990
-239995432
-239590262
-239576910
-239510992
-238903028
-238768200
-238079814
-237937599
-237471651
-237388652
-237323510
-237244581
-237163942
-237131051
-236853912
-236610912
-236483115
-236105971
-236062882
-236050306
-234589458
-234394548
-234238318
-234224365
-234013803
-233818790
-233608528
-233364635
-232194225
-231817425
-231814114
-231746454
-231677893
-231551421
-231211484
-230878851
-230736878
-230462615
-230257975
-230255192
-230211757
-229933564
-229739481
-229488440
-229137341
-229105662
-229097078
-228605386
-228316724
-227422964
-226828953
-226772364
-226646137
-226434932
-226345998
-226146395
-226024525
-225966860
-225850847
-225516521
-225328860
-225157637
-225048758
-224870126
-224702282
-224526398
-224221274
-223889855
-223762838
-222991769
-222511773
-222429453
-222317510
-222272993
-222133139
-221922806
-221846809
-221571149
-221093243
-221001993
-220920198
-220717019
-220561488
-218809718
-218780584
-218028480
-217887658
-217848563
-217250765
-217246920
-216702880
-216636269
-216412182
-215891870
-215574729
-215291046
-214641097
-214497119
-214161092
-214082961
-214070159
-213875254
-213154153
-213052883
-212860559
-212781496
-212749017
-212528358
-212293141
-211845797
-211804045
-211726288
-211607788
-211343929
-211232468
-211159769
-210723893
-210642292
-210560174
-210478476
-210353893
-210187124
-210175982
-210086690
-210085097
-208717265
-208621983
-208535064
-207832939
-207827867
-206910358
-206696068
-206546772
-206546498
-206281922
-206244068
-206131032
-205809837
-205771387
-205715342
-205465621
-205221895
-204906219
-204773396
-204770969
-204413037
-204252839
-204202464
-203998682
-203974348
-203538679
-203461405
-203226377
-203055918
-202770564
-202606281
-202518159
-202437303
-202355752
-201562345
-201254389
-201027264
-200911907
-200785548
-200716241
-200587150
-200451551
-199757995
-199608173
-199073098
-198913706
-198715434
-198604226
-198278515
-198209307
-198012951
-197880626
-197574676
-197344677
-196769314
-196455199
-196388785
-196323133
-196225126
-195646440
-195493549
-195358376
-194848124
-194724533
-194722022
-194655064
-194653523
-194545553
-194251428
-194232283
-193858399
-193718288
-193608591
-193491453
-193163326
-192934059
-192913488
-192829206
-192712635
-192656778
-192047039
-191943059
-191834501
-191765614
-191484672
-191477663
-191396561
-191294729
-190731287
-190465046
-190335075
-189998841
-189526005
-189144125
-189023105
-188896946
-188640781
-188094934
-188028554
-187830267
-187541796
-186975889
-186641977
-186051093
-185643220
-185553426
-185549902
-185495738
-185476192
-185185587
-184949009
-184795541
-184380649
-184358027
-183897499
-183820120
-183814694
-183755263
-183634679
-183559662
-183299335
-183280919
-183128300
-183063327
-182136497
-181893997
-181893564
-181446648
-181261982
-181151880
-180450865
-180122001
-179797432
-179792024
-179417848
-179393429
-179368482
-179126671
-179085876
-179063079
-178989070
-178532453
-178140283
-178067646
-177673066
-177495439
-177080639
-176954080
-176867580
-176595711
-176585035
-176158285
-176081581
-175922169
-175526913
-175503399
-175389516
-174723911
-174544566
-174452432
-174182368
-173929019
-173648839
-173421562
-172699856
-172520442
-172057122
-172026445
-171934586
-171787417
-171785502
-171627529
-171296024
-171249760
-170992711
-170941567
-170672475
-170134965
-170111579
-170071738
-169843817
-169790019
-169009555
-168936382
-168815422
-168731847
-168688402
-168279744
-168036303
-167918052
-167823206
-167554549
-167531207
-167504979
-166962499
-166464886
-166314707
-166175050
-165942783
-165396416
-164596415
-164083462
-163476595
-163285220
-163214495
-162781727
-162253623
-161663043
-161610886
-161375940
-161295952
-161245453
-161201109
-160496635
-160185234
-160068202
-159967553
-159710835
-159704430
-159126931
-159117115
-158725855
-158511195
-158264666
-157850386
-157783293
-157282256
-157155018
-156988854
-156479220
-156478961
-156008292
-155357437
-155028952
-154997566
-154984207
-154566792
-154533930
-154230355
-153930238
-153695844
-153614698
-153276430
-152985120
-152757608
-152711705
-152423016
-152416357
-152351630
-151914849
-151792144
-151580804
-151449646
-150874119
-150733930
-150613758
-150322887
-150214296
-149468953
-149396622
-149109454
-149077582
-148818123
-148793078
-148716314
-148387773
-148107000
-147799647
-147718837
-147600117
-147290141
-147082033
-146980902
-146868829
-146648780
-146627347
-146239611
-146089275
-145931387
-145594055
-145184189
-145133658
-145050860
-144892982
-144484425
-143902689
-143413378
-142454632
-142100263
-141843287
-141809453
-141600748
-141451269
-141014505
-140388191
-140176072
-140022222
-139992550
-139925968
-139821417
-139069060
-138411832
-138130537
-138065658
-137891267
-137864270
-137862829
-137585084
-137581036
-137557865
-136831544
-136641549
-136587882
-136477426
-136417417
-136313358
-136274474
-136188344
-135990880
-135306033
-134546842
-134138910
-133938496
-133857020
-133799068
-133711911
-133618675
-133072803
-132869982
-132761508
-132024022
-131993290
-131820522
-131443328
-131297989
-131110325
-131041692
-130973188
-130408632
-130335632
-130087262
-129868036
-129771526
-129443697
-129231882
-129103075
-129096453
-128650159
-128576128
-128446965
-128270740
-127720946
-127601567
-127539420
-127524883
-127515910
-127346145
-126978824
-126840762
-126710665
-125948595
-125725955
-125497564
-125484559
-125339281
-125280705
-125203428
-125183548
-125045753
-125042236
-124657400
-124614188
-124419493
-123773763
-123665258
-123374837
-123339469
-123275940
-123182572
-122496027
-122064745
-121613113
-121373592
-121373536
-121308278
-120912172
-120856467
-120555835
-120531870
-120444352
-120097445
-119867512
-119740639
-119726820
-119723396
-119594762
-119372433
-119326994
-118448166
-118417610
-118222950
-118162471
-117897467
-117842817
-117778833
-117270925
-117114534
-117043813
-116968736
-116928555
-115979850
-115905254
-114854853
-114714769
-114676474
-114647935
-114365638
-114339810
-114297522
-114001615
-113858276
-113020846
-113010146
-112912474
-112800138
-112783590
-112444733
-112431664
-112427115
-111463484
-111457441
-111359545
-110919617
-110801009
-110085115
-110037923
-109610611
-109503754
-109433876
-109298002
-108991906
-108907527
-108716881
-108626790
-108508988
-108225812
-108168739
-107980637
-107559198
-107515309
-106234034
-105894915
-104919564
-104889284
-104752085
-104689083
-103990392
-103786231
-103774523
-103089171
-102898757
-102745621
-102671827
-102575251
-102501472
-102315849
-102304127
-102198394
-102023446
-102008310
-101880004
-101692888
-101637378
-101430345
-101112540
-101031600
-100735177
-100680085
-100677566
-100360162
-100004750
-99751044
-99710170
-98979923
-98916613
-98833900
-98626949
-98383734
-98370739
-97878698
-97779984
-97634994
-97524165
-97497456
-96865125
-96683862
-96485936
-96450104
-95998772
-95698849
-94929384
-94841117
-94783134
-94722573
-94702926
-94692913
-94601296
-94283137
-94226998
-94146337
-93811784
-93746860
-93549961
-93227678
-92711373
-91148379
-91069359
-90862614
-90779555
-90767475
-90556717
-90310926
-90100403
-89721186
-89582702
-89408091
-89266673
-89236135
-89020621
-88748583
-88623814
-88517966
-88352287
-88046730
-87922383
-87651226
-87600693
-87568852
-87541521
-87226948
-87147670
-86900789
-86421277
-86249932
-86106359
-85782649
-85641625
-85397341
-85362010
-85177517
-85143911
-85002266
-84795707
-84783475
-84697188
-84654062
-84565554
-84531231
-84359830
-84025699
-83950685
-83650584
-83551752
-83457806
-83165685
-83136721
-83079405
-82938586
-82916556
-82853651
-82791096
-82779998
-82761962
-82336687
-82282256
-82012897
-81764313
-81575330
-81487098
-81203536
-80901066
-80612251
-80413423
-80364063
-79950181
-79346568
-78815247
-78428847
-78204391
-78145802
-77648531
-76881897
-76581177
-76340232
-76002454
-75893804
-75581317
-75140208
-74328779
-73906763
-73474929
-73354087
-73192056
-72753860
-72536445
-72017006
-71690545
-71582351
-71562136
-71312889
-71223445
-71005330
-70861657
-70804863
-70787692
-70644984
-70580985
-70359051
-69430850
-68685897
-68599649
-68148823
-68136160
-68003556
-67469353
-67336188
-67165296
-66994075
-66783935
-66596325
-66560732
-66487876
-66236203
-66187677
-65598161
-65447193
-65397441
-65313139
-65056168
-64725570
-64661514
-64457833
-64228173
-63686863
-63679204
-63666244
-63141169
-63121533
-63113809
-62720776
-62640157
-62630058
-62608597
-62580893
-62557877
-62464483
-62195093
-61983672
-61782646
-61462940
-61368185
-61281930
-60717444
-60700580
-59788421
-59764341
-59387731
-59235763
-59185263
-58892841
-58842877
-58473215
-58324851
-57947612
-57832843
-57631460
-57513209
-57476625
-57380629
-57341515
-57311269
-57050331
-56002485
-55842630
-55226788
-53881986
-53601947
-53229433
-53110902
-53017261
-52884372
-52844280
-52806826
-52804014
-52078558
-51865608
-51670105
-51240885
-50520358
-50510054
-49381385
-49357276
-48933090
-48875595
-48821695
-48712586
-48693685
-48658319
-48402184
-48096556
-48058702
-47168086
-46824260
-46486612
-46093834
-45996965
-45655122
-45457355
-45214898
-44963947
-44776530
-44696778
-44587196
-44456636
-44343737
-44254697
-43941923
-43898376
-43883675
-43678443
-43587438
-43505844
-43502520
-43263690
-43034156
-42987341
-42865642
-42569599
-42509394
-42072349
-41925568
-41382890
-40806872
-40683185
-40572375
-40449316
-40141910
-40140539
-39933155
-39910315
-39518848
-39445392
-39405975
-39301920
-39181615
-38993941
-38915528
-38801697
-38438375
-38247476
-38149290
-37924981
-37918834
-37721617
-37632170
-37400108
-37359106
-37138213
-36774089
-36540021
-36359116
-36275572
-36108653
-36098393
-35905237
-35881465
-35262618
-35130229
-34738077
-34565585
-34538222
-34381987
-34244138
-33452627
-33081476
-32657504
-31849221
-31847927
-31619510
-31283701
-31085046
-30970689
-30925931
-30891515
-30604583
-30084398
-30064594
-29874939
-29710545
-29315995
-29086702
-28955150
-28819503
-28688105
-28385689
-28363630
-28024683
-27615774
-27525000
-27424814
-27394493
-26947055
-26930692
-26638729
-26307508
-26079959
-26070615
-26009003
-25809217
-25731166
-25386796
-25245120
-25154198
-25136272
-25055762
-24785275
-24633763
-23980121
-23891499
-23844968
-23839390
-23341973
-23288119
-23011177
-22820452
-22655300
-22500255
-22389134
-22299971
-22180993
-22038564
-21997617
-21800423
-21118609
-21101495
-20685952
-20652016
-20620014
-20549574
-20345972
-20185074
-20018838
-20000238
-19999295
-19796679
-19756462
-19443832
-18954686
-18697935
-18594666
-18477457
-18334943
-18262111
-17334800
-17324809
-16855945
-16793084
-16669521
-16653535
-16546303
-16534685
-16448996
-16429547
-16416025
-15676100
-14791270
-14774811
-14660448
-14613403
-14604522
-14369324
-14255463
-14215181
-14095526
-13403557
-13324770
-13139955
-13134638
-12769285
-12765063
-12607369
-12468835
-12368281
-12322448
-12240478
-12124129
-12018989
-11859169
-11717539
-11561714
-11392502
-11272214
-11245849
-11091168
-10387285
-10072739
-9744861
-9462567
-9410714
-9376159
-9334398
-9315995
-9114254
-9084674
-8995244
-8707781
-8697660
-8625590
-8623541
-8417607
-8393260
-8294678
-7890579
-7866072
-7834688
-7607781
-7588646
-7210587
-7046440
-6738395
-6698126
-6562086
-6496941
-6394132
-6189911
-6144333
-5924696
-5608453
-5098692
-5092210
-5085218
-4701875
-4648421
-4490472
-3548032
-3519367
-3061085
-2864000
-2654023
-2115760
-2049541
-1964346
-1488845
-1011944
-775848
-624031
-593010
-466535
-173354
-22503
347370
657307
775985
805511
1504360
1578718
1580272
1719462
1858980
2062860
2199596
2340709
2539930
3064555
3177346
3477299
3670148
3708040
3912018
4035396
4242139
4310443
4478578
4792456
4953937
5052341
5142029
5246632
5401313
5463656
5545963
5896692
6179061
6487529
6496117
6545393
6814806
6906585
7419511
7431463
7742672
8030910
8516973
8619397
8681047
9556035
9580886
9607648
9869588
10093004
10126957
10140669
10279968
10339873
10477978
10478564
10494185
10844719
11159263
11266751
11316114
12041550
12079472
13024594
13186540
13293320
13540505
13597349
13896253
14060807
14134666
14435757
14675236
14709330
14734533
14845015
14873799
15100985
15117629
15197281
15949379
16039676
16051337
16587443
16688793
16748251
17210886
17626745
18414292
18514730
18554428
18817320
19099726
19354405
19421496
19867520
20119425
20507713
20726084
20817486
21504437
21758879
21769474
21855826
21903917
22069123
22092925
22546386
22641365
22791310
23146274
23216577
23438616
24690305
24958795
25001731
25016958
25076760
25338047
25534928
25877621
26013322
26105240
26308538
26825101
27706599
28201339
28249982
28379772
29023400
29239573
29379985
29508060
29576920
29591579
29923703
30007843
30430235
30618726
30681245
30748927
30781567
30902891
30959633
31090817
31163776
31493372
31526928
31873218
32410241
32435977
32577092
32896187
32969580
33214945
33216019
33254743
33299211
33413435
33542257
33585904
33701751
33846345
33980735
34312158
34450722
34612782
34909966
35111777
35121024
35139493
35424210
35551385
36010621
36031143
36352852
36473123
37144990
37325911
37431659
37466128
37573187
37690816
37701107
37828806
38282370
38512013
38518295
38639029
38643660
38877890
38945587
39154039
39172827
39417655
39742848
39749017
40095442
40100815
41194962
41201958
41366182
41477380
41794931
42139924
42174482
42189156
42444505
42697311
43378668
43407711
43512200
43852982
43873626
44197507
44488580
44532492
44768313
44808491
45068919
45092040
45325637
45381898
45811366
45822701
46340284
46921966
47110324
47139790
47208826
47306541
47569935
47749603
47911663
48074005
48487979
48653968
48778616
48985657
49057155
49079393
49106660
49125401
49240418
49501372
49566368
49805589
50022689
50031611
50123790
50391598
50462524
50495945
50504635
50581793
50647442
51087907
51153735
51385344
51906638
52201550
52584770
52813889
53183114
53286093
53360432
53986879
54081908
54087726
54259999
54456929
54608167
54728769
54740790
54759096
54760597
55089320
55336199
55681770
55751728
56301699
56484970
56632724
56885198
56952988
57045807
57413408
57879426
57959344
58113117
58262730
58325385
58343332
58351907
58628353
59158781
59209379
59952609
60487501
60524802
60586978
60592497
60858481
60930155
60931785
61195556
61264017
61466215
61520603
61975790
62165458
62326756
62482102
62508841
62935878
63408564
64823150
64858368
64876693
65388522
65518636
65717667
66005474
66087291
66176129
66231349
66477560
66523510
66757802
67118522
67145972
67179458
67213005
67326403
67456899
67688206
67805689
67844298
68923625
68975312
69000937
69206240
69425123
69487570
69682805
69718475
70180934
70192389
70418238
70491901
70861836
71117860
71216913
71329318
71533018
71545344
71647758
71667003
71786690
71971041
72042437
72072617
72159865
72197909
72345552
72489429
72593540
72618635
72625759
72675031
72705995
72880643
73333075
73471640
73910239
74102614
74307714
74337756
74380646
74698184
75512853
75543641
75789712
75834129
76073856
76144028
76314333
76527101
76895627
77016318
77119418
77383654
77572309
77986174
78510559
78856208
79236089
79326270
79545191
79740798
79761042
79936535
80479641
80540415
80600378
80988347
81029659
81717674
81749334
82018308
82574203
82578384
82603851
82612453
82615242
82790766
83440808
84160077
84227714
84453219
84764771
84782405
85157901
85750049
85862625
85891270
86116410
86267245
86577966
86881855
86896381
86921835
86924838
86971824
87089474
87718601
87723933
87808642
87908549
88110364
88568541
88886599
88953859
88967239
89185409
89495123
89793137
90296499
90922316
91307889
91498052
91529597
91940349
92111689
92199248
92217003
92234095
92495362
93029702
93370714
93493861
93883571
94217777
94246310
94471250
94659529
94874531
95000679
95654811
95658588
95797330
96089883
96179797
96218234
96236852
96394770
96476920
97044666
97139530
97359483
97412602
97507957
97566644
97572313
97616897
97673784
97693540
97872676
97930368
98128624
98446984
98458729
98503929
98618895
98705633
98771987
98773711
99153854
99479502
99624495
99822743
99897797
99942348
100515489
100741828
100747689
101428230
101493376
101668169
101705538
102016261
102575565
102698935
102820967
103366940
103537200
103698903
103781641
104725059
105273571
105426194
105449058
105497821
105578667
106494068
106686459
106795818
106922241
107070057
107103451
107795919
107822625
108333592
108476638
108569315
108582191
108649451
108972371
109571376
109722946
110214130
110498625
110774977
110787854
111196602
111472660
112029130
112478710
112701945
112891893
113514124
113616622
113784167
113874622
113970355
114762626
114812567
114813892
114875210
114929163
115174727
115333035
115505644
115789781
116036450
116054145
116109997
116460102
116686352
116943761
117041971
117290705
117451498
117463949
117677474
117854557
118354140
118690405
118709440
119490908
119497398
119503804
119766231
119831070
119865010
120002836
120101506
120267532
120407827
120439683
120533902
120728878
120804782
120818846
120967524
121195676
121307823
121419593
121497926
121617101
121807033
121836960
122656170
123403698
123467357
124160255
124300975
124407728
124566657
124591539
124763415
124874551
125111539
125244495
125363067
125364465
125434786
125593603
125707682
125770815
126113861
126559743
127082577
127470882
127512510
128036029
128347233
128397972
128598495
128862546
128955908
130358103
130415673
130630108
130938546
131069640
131766037
131910361
131930988
132218386
132302849
132616259
132640397
132837779
133248817
133435621
133893687
134089199
134357002
134372749
134377467
134524582
134588625
134679913
134714486
134930764
135191817
135376390
135544582
135584221
135661822
136315217
136345317
136393880
136637372
136958700
137560598
137798433
137936370
138240521
138340315
138620681
138643120
138829195
139166788
139953167
140531888
140654478
140682461
140984995
142064767
142216258
142350219
142848137
143083494
143209265
143697462
144121393
144224636
144308713
144423786
144789371
144950849
146350436
146600350
146849899
146969646
147612394
147663462
147890993
147928669
148278306
148764418
149107222
149418208
149498356
149549373
149691500
149820691
150204762
150313049
150392856
150458254
150623993
150652549
150986203
151346515
151531661
151680481
151688365
151848732
152297324
152583699
154219872
154601864
154612316
154909564
154983285
155010037
155314676
155780447
155824827
156704084
156934525
157195419
157645217
158044713
158046049
158440405
158479350
158647499
158719565
158802632
158958728
159053544
159334145
159469373
159906279
160154668
160191347
160332767
160443309
160550570
160959168
160970841
161251510
161712839
161932806
162005546
162203590
162529097
163896766
164078859
164279200
164384652
164401576
164546939
164586092
165585227
165596426
166039310
166120579
166397944
166500286
166664350
166878067
166944001
167139533
167291203
167405155
167607436
167823608
167996647
168281359
168386423
168498668
168769185
168868016
169498320
169549020
169720559
169730628
169847791
169893425
170660162
170727929
171167182
171523659
171832093
172346712
172372466
172421042
172554956
172855674
172884924
173154285
173254277
173327276
173339322
173345979
173367857
173433511
173512554
173562748
173587147
173630501
173675902
173901603
174295271
174354288
174948342
175317962
175359957
176214491
176282833
176286253
176404115
176528857
176682647
176776852
176878989
177052401
177278931
177303199
177400093
177437238
178204833
178261360
178555182
179201802
179224077
179305146
179422082
179428447
179456420
179496189
179632973
180029856
180113672
180645667
180952828
181323381
181326934
181531764
181588247
182348727
182659046
182723368
183338423
183428350
183482381
183658225
183882331
183984161
184087541
184150078
184225149
184462692
184583039
184782985
184985973
185538622
185570446
185604993
185681278
185824709
185871383
185992553
186034999
186092697
186166550
186195608
186285241
186580035
186942982
187051541
187119435
187519760
187657429
188100671
188161202
188197317
188472681
188530894
188651412
188902534
189013114
189334995
189340855
189466981
190306864
190392058
190880107
190989387
191006711
191211158
191433729
191548568
191581549
191777001
191975177
192442576
192624864
192955988
193224951
193258247
193316813
193774915
194225007
194309469
195277616
195296462
195359742
195425716
195656069
196147609
196509009
196617276
197271332
197400630
197606059
197835216
197862533
198790046
198951284
198959879
198995620
200148676
200650177
201409686
201513933
201759316
201773918
202021961
202207602
202257591
202441929
202611510
202825642
202831920
202934970
203334689
203560006
203988451
204367850
204433429
204923359
205248514
205774601
205885014
205929312
206417206
206694548
206708050
206850170
207270586
207653494
207677121
207725964
207912170
208398057
208459281
208471902
209163404
209575449
209650612
209713371
210008862
210096190
210428536
210448991
210607931
210776444
210814360
211198140
211285963
211566509
211794106
211985263
212097634
212397748
212544662
212742983
213013093
213181541
213244352
213360612
213530556
213841961
213957416
214384862
215141659
215404777
215451093
215728109
216166087
216182494
216520351
216694936
216791462
217574244
217646252
217855170
218022378
218209773
218262578
218691793
218734109
218821466
218937701
218962283
219021300
219640627
219903148
220030461
220390129
220708777
220906377
220920504
221132970
221216412
221227834
221400263
221542815
221696039
221750833
221867327
221918202
222219905
222470627
222814924
222882358
222901956
223145483
223282286
223786174
224337022
224390287
224392867
224574967
224859864
224908589
225078908
225087320
225099297
225167624
225474447
225598446
225631817
225719393
225779327
226140631
226162693
226165833
226308325
226404032
226637950
226810685
226882857
227117455
227492455
227671970
227805290
227825119
227860742
227867118
228056440
228314285
228321773
228396337
228691612
228803167
229129220
229613562
229867221
230155300
230177695
230209776
230338977
230628130
230950639
231031568
231085481
231183371
231437016
231934807
232018678
232074551
232133119
232200788
232615201
232642668
232835502
232861544
232956224
233116149
233355407
233618757
233668848
233673502
233712791
233832651
233865001
234264604
234527681
234655349
234685043
234944620
235018614
235145717
235259014
235567754
235681806
235720938
235872971
235938890
235961170
236010468
236868797
237087278
237113762
237276161
237379554
237512524
238132119
238312663
238453872
238492916
238908593
238943890
239158166
239260853
239773733
240206398
240304263
240349137
240432469
240489444
240498394
240689751
240828546
241109220
241175559
241291276
241368351
241533320
241591292
241780501
241897064
241985726
242063544
242118842
242446495
242485928
242576023
243051010
243889142
243929466
244084460
244513889
244547127
244573731
244690225
244911956
245088356
245320171
245575154
245583800
245889178
245942624
246270419
246454224
246734063
246777688
246788136
247057368
247329406
247439081
247881037
247883664
248171059
248176105
248412771
248734594
248775561
249016242
249415211
249799537
250100010
250121748
250519611
250870048
251154743
251322080
251438670
251732755
251791808
251930497
251932563
251951185
251961035
251982313
252128383
252255529
252635763
252638427
253440500
253914471
254050445
254106753
254197811
254270192
254280237
254733865
254737129
255081914
255263968
255465271
255475343
255657309
255854775
255963768
256124193
256254430
256323097
257251427
257795249
258073692
258354488
258380270
258454378
258578161
258623889
258752525
258926313
259835552
260516869
260749959
260801778
260996543
261101132
261112725
261186942
261314368
261329771
261573673
261593461
261644293
261786157
261789996
261833966
262110602
262294216
262331484
262652852
263276300
263763857
264126740
264281788
264389704
264690694
265148056
265346018
265400490
265423186
265475802
265565728
265616524
266250552
266272218
266502420
266546489
267524115
267803332
267843613
268237434
268295324
268295742
268435629
268978428
269105187
269371112
269540502
270000703
270220847
270226664
270547120
270577626
270606769
270824295
271070834
271295551
271457999
271606127
271722879
271756134
271940733
272129141
272248268
272408100
272823644
272866502
273120592
273285026
273448675
273480371
273518939
273644549
274077439
274211394
274480280
274761609
274801329
274873459
275053358
275367364
275608987
276300722
276343631
276358353
276711713
277271404
277313558
277355579
277356041
277374842
278206266
278243695
278321842
278669989
278806479
278810004
279457415
279528394
279811767
280255438
280505397
280839449
280872656
281745186
281781147
282118385
282211796
282637352
282777485
283328439
283335310
283483225
283494512
284815119
285295692
285394670
285598655
285696095
285856390
286001063
286151098
286169618
286466366
287133641
287219741
287226281
287251007
287584369
287637657
287663013
287706245
287823083
287863888
287874001
288124925
288451895
288812266
288917073
288950252
289419807
289461221
289904321
290002367
290133911
290178916
290234175
290464329
290472889
290601357
290601392
291322691
291744136
291961425
292145919
292463484
292645671
292756495
292828562
292914960
292993907
292994370
293100089
293343686
293672506
293689176
293725019
294014506
294460520
294621181
294720974
294850920
295170805
295313935
295397933
295628248
295825920
297143326
298177946
298315192
298661421
298755764
299090339
299139952
299150782
299351787
300958693
301115441
301352364
301451489
301463789
301781083
301856802
301981322
302032249
302169922
302404655
302441629
302783509
302889641
302972240
303025016
303065280
303522417
303555867
303621855
303887446
304159974
304423203
304475332
304601427
304690810
304745640
304965955
305039254
305174806
305237103
305270693
305343385
305366178
305555077
305819869
306097449
306099692
306443344
306529946
306715234
306814642
307149097
307615961
307666452
307796427
307916149
308156373
308162655
308277709
308284325
308349509
308394936
308404969
308583538
308679476
308941532
308966247
309454554
309467020
309814002
309897277
311165790
311864998
312181453
312251150
313617219
313624123
313981844
314037542
314239434
314534380
314966650
315692521
315894237
315975610
316041907
316054076
316964077
317196189
317716193
318099876
318443255
318789842
318864338
319115208
319216075
319467535
319732937
319883785
319945380
320072124
320606170
320742151
320918878
320993970
321053022
321435594
321602120
321977413
321985662
322006512
322192303
322781178
322792302
322845898
323151393
323246546
323365080
323365768
323400122
323464191
323693454
323718987
323961711
323973283
324124012
324155575
324179241
324281775
324439472
324659377
325114696
325179396
325513414
325528296
325529211
325801052
325972669
326086411
326125439
326240180
326441301
326912645
327067393
327104973
327301374
327336751
327363237
327568244
327667932
327915621
327984238
328322431
329063005
329730883
330300562
330363388
330454539
330716166
330778579
331289989
331800184
331816216
332202007
332202249
332256419
332298450
332560229
332680142
333242471
333738545
334292255
334487795
334928546
335397359
335426751
335650048
336229267
336298681
336365238
336391607
336396704
336433932
336472389
336675516
336677453
336818803
336980471
337005716
337056193
337423008
337432251
337494220
337505389
337577285
337877343
337892518
337936310
337964308
337981427
338147507
338974552
339140045
339266138
339887802
339888038
339992013
339995092
340103582
340121778
340241976
340335590
340745558
341712263
341857917
342067116
342898068
342946125
343603295
344114645
344157227
344257584
344679196
344761713
344842613
345049440
345123447
345524863
345570174
345642891
345746981
346837520
346881774
347140338
347361616
347843096
347872058
347955953
349230751
349265100
349444058
350011118
350063849
350435430
350517121
350624846
351043372
351201335
351409406
351951590
352331987
352546342
352664533
352778992
352803621
353873539
353945935
354162742
354563411
355187616
355745782
355872442
355905224
355934352
356280185
356358770
356746322
357182912
357423830
357560089
357580752
357599290
357846481
358707177
358757846
358855942
358953141
359117181
359541403
359578461
359714623
359949730
360056136
360387927
361187015
361767880
361866274
361900141
361990315
362236928
362335235
362398992
362481430
362696606
362938367
363815308
363860393
363872429
363982223
364071331
364134696
364177830
364364610
364674565
365726224
366242409
366328769
366510088
366629237
367102215
367157494
367261087
367410389
367563514
367614176
367847531
368175876
368237216
368306228
368490913
369051806
369263339
369384243
370401449
370501225
370685503
371111902
371396901
371725910
371812975
371948561
372142458
372441752
372581469
372632696
372772651
372807832
373245430
373526380
373878007
373893645
374028879
374218782
374224111
374544412
374580210
374815309
375056396
375156246
375276199
375392307
375436114
375639191
375886322
376014996
376290254
376586587
376702393
376730864
377047632
377951072
378083319
378489541
378662903
378750609
379387919
379570768
379719460
380004240
380113278
380129544
380668723
380674218
380752415
380893527
380917576
380952234
381149409
381183961
381321505
381466922
381713346
381778373
381980980
382113080
382283817
382463790
382820488
383302117
383330930
383342262
383914667
384116956
384225201
384981961
384985064
385730436
385830954
385831288
385911245
385922059
385957417
386376510
386430014
386438622
386677508
386778755
386877530
386887112
387175420
387376278
387648443
387882903
388024407
388044139
388096810
388179395
388688461
389114408
389262660
389451598
389501871
389513252
390027661
390560289
390721622
390845633
390889834
391079720
391138166
391356575
391390118
391464962
391718808
392086984
392191683
392868940
392952121
393293471
393538711
393697331
394067885
394570283
394701743
394955543
395127459
395159275
395170089
395365927
395414760
396136800
396174732
396468636
396617556
396794759
397198224
397462459
397588455
397731413
397818583
397941819
397981125
398275034
398974439
399559205
399997845
400109084
400120372
400362018
400519370
401138856
401319099
401364695
401456687
401554807
402004281
402023067
402046153
402263902
402813383
402854182
403322152
403472414
403734352
403789796
403795236
403954299
404010003
404480775
404490701
404573871
404675374
404820141
404883575
405019377
405187782
405302329
405601048
405752482
405984041
406315587
406431616
406452100
406540131
406607582
407153916
407156178
407782826
407829416
408097068
408239435
408672284
408702934
408711836
408737142
408833213
409271118
409290967
409611146
409639279
410571180
410645444
410683707
410701006
411081243
411149664
411739304
411791622
411893996
412105068
412388673
412787976
412788260
412941393
413609035
414264215
414601332
415108221
415120102
415318635
415351134
415756705
416003432
416724566
416925286
417331394
417445088
418036388
418395885
418510290
418766301
418809512
419155244
419754782
420091041
420172431
420457363
420646992
420959159
421250494
421252170
421437650
421553976
421600877
421634511
421777883
421830745
421840234
421919062
422107039
422222826
422438768
422443155
422975069
423329900
423933251
424254364
424545678
424610447
424805517
425043117
425173318
425218270
425591705
425632224
425694646
425717695
426092480
426101795
426208018
426535411
426960177
427085265
427342675
427480353
427584758
427627793
428290177
428644411
428657019
429099756
429125566
429162193
429307576
429452251
429475003
429541796
429605348
429690597
430406630
430581018
430702141
431043310
431051098
431817732
431925183
432029925
432156701
432605451
432644275
432979929
433192273
433383282
433453880
434016109
434053034
434501172
434555358
434620146
435074079
435088930
435279965
435610320
435804288
436280275
436347190
436385167
436474237
436557460
436637117
437034415
437421701
437445885
437447201
437616499
437668613
437723427
438159885
438174522
438743117
439240996
439285418
439407546
440261543
440393798
440422338
440764093
440832609
440936423
441009376
441360088
441589768
441664316
442137190
442675438
442746451
442808472
442943071
442976300
443090061
443396328
443635531
443978226
444065050
444539491
444656849
444712659
444739695
444760789
445081087
445294259
445368177
446055910
446346146
446407386
446428660
446530938
446571660
446669611
447122907
447222195
447264041
447756305
447983346
448043457
448929232
448950756
449032311
449436684
449528461
449595559
449663955
450139848
450382579
450427149
450475996
451301043
451527635
451754954
452268165
452331908
452380109
452468141
452691457
452695159
452762253
453148620
453393195
453950645
454336757
454415135
454459059
454475436
454792685
455055203
455245779
455347058
455587340
456421735
456634383
456840086
456924977
457370835
457629326
458589018
458692168
458905209
459403212
459708361
459767093
459769274
459917919
460233950
460337275
460413195
460496571
460606702
460712181
460744089
460909813
461138344
461417165
461802703
461816942
461940344
462036464
462101846
462529129
462712896
462795813
463133559
463355713
463363486
463595425
463832609
464440087
464464447
464788044
464843145
464996657
465114484
465216905
465237603
465303662
465307155
465576082
466233168
466747339
466894237
467259053
467419283
467930692
468141382
468159129
468291887
468509105
468736900
468948775
469384263
469488287
469615282
469767710
470080388
470169093
470321908
470474076
470507045
470746056
471038684
471344182
471398260
471806674
471847228
472164837
472337311
472346619
472639795
472774670
473137455
473195741
473420083
473563990
473607550
473627466
473654785
474116265
474412860
474901777
474905534
475083239
476280497
476310340
476445908
476499763
476834797
476985752
477228904
477237127
477325613
477389768
477508138
477913884
478263528
478593728
478607017
478751403
478775688
479039617
479213083
479249811
479282831
479724589
479863737
480432184
480762777
480800826
480891233
481081583
481197956
481227518
481253800
481467438
481600067
481627956
482442629
482498665
482554830
482774037
483377404
483577026
483654932
483851943
484424614
484439511
484779546
484883672
485285674
485288664
485295361
485298817
485437735
485670687
485875283
485908438
485959154
486630482
486799600
487342681
487438177
487527331
487619373
487720858
487923878
487980134
488226689
488507288
488768733
489000519
489050372
489084294
489172000
489313125
489392086
489398387
489424659
489821702
490054874
490139092
490415289
490467540
490766916
490971093
490977316
491016975
491701660
491800618
491821652
492141248
492206286
493217160
493253644
493355401
493373852
493439009
493490132
493655626
493657496
493978235
494213111
494256498
494278107
494281935
494305371
494645289
494828769
494830258
494839374
495143708
495222974
495240986
495316388
495693678
495983961
496345556
496451711
496592274
496712339
496785402
496996676
497045212
497067474
497308023
497427726
497629874
497769841
498352518
498449405
498632835
499539758
499546354
499945124
500376900
500533786
500770400
501280097
501284344
501576155
501943364
502278649
502356490
502650589
502907264
502971866
503304244
503517308
503772902
504673402
505079386
505509219
505657369
505901640
506173622
506837053
507372578
507852791
508063279
508451925
508878911
508951525
509267105
509860266
510479113
511020041
511278245
511348768
511700737
511907848
512663701
513066617
513087072
513248742
513517731
513702485
513760782
513827390
513921149
513987247
514012027
514069872
514409227
514465244
514602835
514625321
514871630
515222763
515249673
515978589
516040185
516454664
516484872
516590605
516970036
517042404
517480477
517875587
518092300
518228896
518313669
518856005
518984491
519014236
519261364
519330289
519387832
519634568
519840347
519845300
519908983
520016672
520073550
520073866
520194734
520495380
520775537
521068890
521400763
521449113
521643979
521854610
522023494
522078568
522282584
522342136
522549856
522710298
522868887
523000644
523291032
523490314
523863300
524351931
524359158
525061358
525072213
525616166
525625873
525814263
525824243
526057412
526415609
526997496
527021683
527057326
527068651
527674346
527705783
527798377
527942664
528733153
528982247
528982999
529228410
529477692
529503550
529888208
530501646
530514650
530639509
530821857
531387810
531527430
531590183
531613019
531648917
531649149
531961406
532419661
532574698
532785210
532870812
532918738
533091844
533314643
533592383
533619287
533878004
534279885
534375547
534494460
534508675
534573352
534684417
535017897
535713090
536212499
536423334
536573936
536707133
536942727
537015958
537167442
537443672
537594834
537766476
538346559
538448256
538496245
538556380
538971018
539117654
539300248
539325855
539403138
539523618
539600870
539855830
539903289
540258344
540356333
540373146
540478832
540951507
541106961
541270186
541278330
541351013
541698623
542268678
542505638
542859483
542879649
542962201
542985928
543058318
543252304
543630213
544112592
544174356
544512894
544639540
544710060
544855641
544882432
544918438
545460728
545511929
546421266
546733373
547110552
547192995
547312545
547399439
547493814
547508699
548126868
548345168
548348362
548421662
548979041
549013212
549025135
549436677
549955020
550117748
550281636
550441913
550774286
551056978
551305718
551469099
551744516
551885986
551953014
552383287
552540478
552656346
552688613
552764518
552865197
553003392
553056097
553085071
553439188
553651567
553708576
553714894
553821568
554191249
554322275
554331213
555035615
555142435
555217420
555396408
555429303
556153826
556188929
556313576
556785389
556790150
557369352
557489583
557498375
557963747
558076685
558275099
559010084
559039323
559524853
559813424
560109907
560147462
560266812
560504104
560904108
561616424
561694718
561775869
561979957
562522121
562585038
562960321
563456935
563540455
563589157
564290155
565000976
565530843
565545809
566249342
566279724
566641314
567329459
567349224
567752672
567815317
568083925
568146644
568264719
568571139
568701118
568734992
569267775
569268354
569858521
569921477
569950419
570036016
570558195
571724967
572348454
573059833
573139598
573444423
573463790
573535628
573714498
573777404
574120572
574236118
574350038
574453768
574550858
574643904
574904375
575148061
575630225
576291789
576522954
576654500
576861664
576921939
576984614
577056836
577205625
577277648
577402090
577571173
577688768
577764888
577905933
578055282
578534192
578595938
578765684
578857733
578982743
579159611
579498477
579818712
580129591
580181984
580208586
580285606
580828196
580980322
581106095
581113463
581137019
581182234
581329141
581335579
581336721
581442131
581535203
581690408
581709747
581845646
581929801
582245267
582643186
582799252
582929484
583140471
583310043
583416144
583457986
583655729
583707125
583751883
583912986
583964912
584476372
584479850
585490661
585870207
585964901
586067898
586130156
586282533
586318324
587995665
588017803
588313404
588458235
588773560
589148008
589402770
589931781
589976995
590468255
590638505
591040194
591222867
591365004
591697179
591903847
592053778
592129113
592350964
592716876
592919639
593093079
593227720
593390233
593757647
593879541
594151456
594336269
594600428
594769259
594971280
595348407
595369608
595445765
595484511
595784434
596173482
596378230
596706084
596976393
597048431
597053295
597061795
597119082
597402526
597707399
598043449
598334893
598578418
598620766
599114083
599120260
599203217
599770057
599890154
600226923
600356065
600853054
600892244
601021392
601023096
601035907
601335074
601762143
601963320
602103964
602552771
602562132
603285850
603613866
603712304
603939445
603941246
604320671
604763180
604871160
605509809
605827551
605945369
606305010
607399985
607897699
608014470
608222243
608244791
608304334
608458490
608828845
608954387
608960427
609050715
609385619
609559320
609628240
609746299
610049220
610397275
610455920
610575344
610710782
610869133
610872373
611211378
611367529
611739317
611918436
612221501
612394501
612426571
612490022
612668016
612766894
613317266
613376825
613486487
613578832
613671955
613760810
613961062
614259786
614827356
614861086
615229722
615376201
615609436
615719687
616272612
616478363
616556370
616943948
616994908
617013937
617272535
617551153
617644396
617693650
617862980
618135933
618544917
618986631
619005781
619660961
619746791
619778054
619832712
619833402
620180208
620263928
620508564
620906089
620944458
620952163
621632206
622139358
622226184
623236508
623278239
623504800
623690439
623983038
624029516
624241639
624359113
624374931
624764052
624939544
624942124
624942267
625288849
625383624
625811006
625998094
626208148
626374283
626540059
626836862
626843628
627516233
627586621
627768519
628128269
628408602
628469792
628486907
628517663
628561683
628616458
629202140
629231446
629376289
629451206
629589097
629861793
630077335
630279889
630309297
630344396
630504489
630966527
631092098
631376301
631646330
631726840
631744107
631920682
631966132
632243040
632303197
632667386
632818553
633274337
633842145
633945336
634375033
635018792
635281331
635426139
635627918
635710975
635808264
636027980
636492740
636734471
636776846
636982728
637061481
637149463
637305577
637954272
638041552
638270735
638402447
638660348
638763242
638828926
638937335
639098212
639331727
639834693
640239362
640292229
640499127
640499417
640659919
640681575
640902564
641090264
641277643
641320709
642020098
642365380
643284441
643996383
644080805
644161390
644392211
644635226
644677911
644827486
645124111
645501450
645883357
645935882
646499560
646830627
646867116
647130887
647240569
647541556
647580776
647629240
647667868
647739458
647742175
647801984
648052677
648101881
648223391
648242957
648485115
648507920
648573608
648980048
649237477
649273085
649355231
649765198
649794856
650192035
650708441
651008104
651222383
651738713
652263793
652581476
652600545
652667059
652678042
653074111
653192878
653273034
653774059
653980304
653983280
654085952
654408170
654481211
654632148
654961368
655022213
655055017
655178373
655552380
655621294
656016008
656084091
656100801
656195226
657071254
657388675
657627184
657775818
657845084
657969421
658164306
658395923
658428666
658567736
658637184
659060289
659160959
659640214
659819866
659880831
660112520
660463774
660649365
660685679
660921144
661400472
661538546
662422251
662880687
663139290
663537652
663576668
663973797
663998318
664129039
664319991
664491676
664526024
664652124
664897637
665283711
665381825
665539728
665590177
665619899
666315272
666578574
666595197
666732587
666839684
667542077
668454595
668455752
668548829
668553451
669677699
669913443
670306807
670316347
670386420
670838389
671148282
671730049
672002926
672097696
672223350
672444585
672815048
672844711
672872708
672984809
673123708
673864700
673997351
674130703
674379028
674530634
674710629
675206211
675334151
675343795
675371300
675732427
675977869
676405141
676477627
676559165
676565153
676605533
676944302
677248880
677501595
677556447
677892763
678263603
678416588
678534285
678571711
678669453
678768914
678793479
678963487
679134688
679428309
679450020
680110404
680582761
681103577
681810325
681867078
681890777
682007673
682038091
682326780
682772377
682822319
683051684
683754108
683780491
683944245
684072838
684123899
684395671
684437836
684469490
684753376
684792507
685119099
685122554
685180173
685388562
685533020
685545387
686611236
686723724
686832003
686980380
687123094
687221619
687265412
687310758
687476167
687574599
687617771
687688772
688056600
688279314
688284605
688476142
688518450
688953269
689330101
689435543
689486762
689575082
689589369
689756001
689837602
689889209
690330822
690620083
690622572
690933082
691123092
691624944
691777123
692275937
692626393
692859275
692985458
693030026
693122939
694025195
694101289
694115217
694438287
694918511
694955926
694963548
695007859
695198683
695277114
695805810
696671281
696720370
696745009
697162581
697422021
697477598
697686297
697786859
698035817
698339730
698366955
698679035
698711553
699394194
699619724
700274035
700520083
700520323
700592326
701298458
701723525
701958774
702208560
702365941
702463211
702552045
702776649
703135411
703219511
703372039
703417071
704143821
704919166
705477265
705753704
705863475
705864975
705977125
706858964
706894665
707205476
707250861
707936539
708756633
708778290
708854502
708891242
709530032
709759164
709869275
710133794
710330214
710575662
710579138
710743197
710835238
711146214
711408318
711517660
711531274
711604206
711651542
712220700
712285417
712344928
712419155
712506776
712981982
713303171
713370237
713479344
713709723
714273585
714691510
714975385
715001649
715087255
715160406
715267138
715301050
715334004
716305455
716306060
716534899
716633119
716795136
716922783
717112964
717191272
717384783
717518153
717570539
717627500
717839350
717975751
718009643
718499370
718639887
718983860
719237925
719359623
719401359
719752708
720171044
720178018
720218990
720617988
720689441
720778954
720936138
721502598
721550026
722104018
722185411
722221114
722226168
722235681
722347130
722551353
722945434
723216155
723423854
723814155
723922753
724012747
724884509
725071292
725182485
725448117
725603814
726060667
726199492
726231188
726291095
726394529
726477718
726722332
726737194
726993488
727350170
727387227
727516811
727603772
727776386
727917125
728001518
728746103
728853552
729040131
729142153
729451311
729697360
729873734
730167039
730281088
730404962
730787561
731390224
731438272
731836259
731962095
732102365
732386958
732889731
733373631
733659736
733704837
733724657
733924418
733986003
734089373
734329599
734598322
735089554
735258444
735279742
735286808
735453909
735486361
735594795
736221187
736317310
736401000
736435897
736454772
736869704
737086189
737263697
737280130
737521409
737849324
737954811
737979159
738073245
738388730
738420344
738644161
738656682
738918296
739052248
739232614
739280470
739347987
739633517
739985916
740177861
740186778
740229074
740400991
740589937
740731916
740785072
741088495
741100579
741126346
741390484
741505090
741551231
741652999
741761800
741881986
742280772
742739311
742846190
742911408
743343083
743560272
743989772
744113979
744359523
744436067
744436390
744551616
744746477
745675380
746303123
746472152
746540404
746674333
747235356
747283821
747481593
747623839
748069816
748090063
748173140
748378640
748431748
748661786
749156936
749442798
749759318
749799651
749882159
750182939
750526560
750553423
750683065
750905634
751035212
751280540
751536654
752014368
752156033
752433757
752647423
752851879
753134334
753236245
753353350
753463207
753490097
753520083
753563063
754037294
754387788
754479078
754511763
754544092
754963793
755076606
755083671
755199896
755224203
755469832
755684468
756174777
756721856
757018733
757155391
757217652
757299052
757461977
757474690
757891436
758026725
758144207
758247230
758317532
758343391
758402955
758471513
758622259
758682980
758847039
759196678
759372171
759379655
759481827
759675555
759839853
760082517
760459465
760471300
760527664
760576091
760619203
760711429
761061185
762163415
762422530
762550400
762985423
763036021
763676441
763738992
763985458
764254060
764324666
764325217
764329722
764417495
764700206
764988760
764992368
765010206
765487000
765782114
766237829
766375592
767010671
767014457
767067096
767130776
767440952
767879391
768277605
768300169
768382052
768765809
768997043
769222539
769565754
769714037
769925231
770054170
770112870
770295219
770408839
770443251
770446192
770504184
770605613
770898768
770974196
771552793
771827162
771915389
772522387
772936354
773031571
773180847
773252467
773349113
774004031
774350114
774387803
775144873
775588001
775630894
775657454
776000880
776145678
776303337
776666642
776784116
776801235
776910901
777339171
777372872
777392454
777413318
777535317
777812320
778172799
778291585
778350071
778481099
778609438
778877832
779086368
779107012
779197553
779197701
779553560
780589678
780675420
780742531
781022581
781570634
781778406
781917543
781950442
782319393
782601639
782806444
782829559
783007566
783146280
783318912
783349582
783380721
783890924
784205028
784434882
784493043
784667209
784823058
785218548
785360753
785722108
785912477
786105263
786534641
786539121
786614761
786671826
787567576
787633094
787686816
787927902
787936097
788002309
788223832
788662378
788734838
788773281
788916021
788970327
789073955
789095826
789727239
790049851
790147943
790228038
790239980
790497864
790541182
790568919
790835227
791222166
791274919
791330138
791586408
791751328
791984332
792053159
792060135
792492861
792789416
792814276
793343502
793615044
793886389
793970805
794023168
794107264
794184585
794201129
794207809
794237494
794274029
794311215
794957831
795002041
795371229
795438154
795441088
795490084
795938605
796038028
796110778
796145341
796560588
796582979
796953994
796974039
797016079
797536852
798165232
798442432
798501280
798651078
798872779
799091478
799189759
799560847
799846647
800365202
800550275
800631038
800797447
801706386
802602720
802604668
803006837
803146084
803246954
803464591
803730932
803794483
804388775
804470903
804588001
804756790
804785992
804840496
804917174
804931263
806162448
806351482
806446156
806542953
806613905
806685759
806897882
807426949
807500493
807563240
807630848
808006549
808303546
808769131
808908608
809318364
809430076
809446476
809581374
809693770
809739855
809769857
809831817
809879641
810244314
810318406
810808236
810866306
811755784
812215263
812682436
813164887
813349699
813387881
813406957
813504430
813877906
814034943
814183757
814343389
815017935
815162052
815169825
815470709
815577553
815589379
815616839
815634070
815655435
815844380
815943058
816307324
816362736
816378268
816695101
816952075
817460443
817500100
817783639
818028709
818105768
818542078
818977540
819220568
819272031
819565592
819795576
819893491
820327188
820400759
820786274
820905100
821009574
821100238
821121877
821176564
821256849
821346864
821461996
821837745
821937106
822312590
822338808
822423038
822653914
822714991
823091206
823604228
823607459
823614159
823979880
824139565
824569599
824719771
824822263
825465725
826078562
826133621
826478640
826481616
827018493
827154156
827224974
827235052
827430039
827488195
827566264
827650978
827681601
827870982
828089594
828120739
828123802
828435244
828621603
829015482
829327031
829375831
829538694
829661931
829755761
829871023
830015287
830487902
830520027
830707938
830832152
831076824
831106345
831172548
831213226
831237803
831360022
831458600
831510117
831550698
831604906
831632798
831907379
831992206
832449802
832622209
833074491
833116927
833258345
833451150
833717791
834473128
834592335
834751181
835082158
835171554
835421784
835615432
835625194
835807202
835944790
836090315
836446169
836495568
836995292
837279134
837356339
837593885
837617394
837624845
837783209
838659382
839204699
839352726
839396097
839528021
839622064
839722549
839950483
840099434
840143356
840368701
840463436
840635174
840707417
841030579
841131989
841360277
841407595
841798676
841979756
842061569
842131600
842646109
842695634
842813512
843087749
843496548
843806178
843865913
843885400
843981476
844650931
844877772
844952932
845192590
845587504
845589850
845713087
845866772
846131610
846327025
846845298
846901892
847111172
847379348
847407915
847443067
847456537
847468765
847519974
847558090
847685691
847948485
848006806
848047068
848238262
848536797
848808722
849048503
849285714
849378263
849433216
849669912
849670934
849772403
849885820
850251139
850382525
850526633
850643473
850852204
850909492
851204287
851279109
851314893
851342241
851401568
851924062
852407789
852418857
853061031
853098837
853155834
853228604
853493601
853886189
853949929
854360307
854409734
854501582
854624134
854701216
854844350
854957404
854986056
855125152
855397855
855679169
856153550
856793463
856892545
856997334
857336969
857565748
857634159
857868090
858397808
858668396
859014641
859113617
859151493
859311235
859424514
859794144
860160537
860196442
860503819
860522464
860906899
861144810
861164883
861266071
861656519
861980759
862053393
862707484
862786531
862867722
862898316
863480039
863611350
863669770
864700371
865075381
865634346
865731179
865876860
866100374
866249907
866270471
867138280
867163080
867609078
868483398
868558600
868824112
868983411
869069668
869564788
869578580
869866026
869872602
869888478
869898951
869906663
870060842
870191505
870221298
870270977
871092126
871263793
871372604
871719912
871940544
872054167
872091770
872156627
872205513
872301949
872596325
872634957
872697165
872781778
873043652
873627723
873660279
873672736
873895522
874308495
874518257
874680139
874704535
874899783
875179854
875549299
875886556
876037591
876320237
876835876
876919160
877001368
877361328
877376051
877421322
877531577
877678618
877749009
878239681
878269590
878276951
878405688
878913447
879069059
879181719
879326887
879443334
879484795
879877001
880027644
880108304
880260442
880426726
881113199
881196120
881288364
881303982
881658100
881668868
881737269
882103259
882121466
882339295
883124847
883469740
883753204
884251943
884450421
884496022
884549049
884577734
885110213
885527624
885602450
885729322
886042089
886435018
886677611
886750560
887193465
887774470
887868752
888775088
889710130
890073973
890307878
890357204
890410621
890557955
890982059
891368530
891581566
891628491
891944615
892008223
892222907
892346229
892471710
892863598
892909336
893025153
893209639
893907612
894027055
894162633
894437549
894668958
894724251
894742076
894942111
894967110
895249396
895265915
895421502
895548009
895720066
895748349
896504039
896880813
896981373
897133451
897287230
897312099
897331572
897447084
897500257
897591205
897721084
897944562
898024156
898026690
898084857
898162039
898177751
898187733
898188612
898584983
898602571
899064751
899432222
899752665
899879773
899906096
899915615
900036123
900140747
900191264
900345393
900637546
900843670
901046806
901160844
901306522
901681465
901877044
902558796
902680018
902824596
902897898
904000334
904005128
904070498
904137529
904140793
904141248
904275174
904276391
904684404
904812571
904984798
905112043
905197953
905734737
906956789
907387716
907517578
907909461
907939662
908427556
908975232
909116818
909622437
910137195
910561311
910719941
910725155
910926378
911163884
911288452
911602456
911868533
911987184
912033732
912144594
912249928
912362535
912709962
912782210
913178451
913273624
913359947
915009713
915339425
915374446
915619248
915723024
915882322
916573974
917348656
917467306
918319638
918345158
918391956
918433943
918494055
918619952
918909513
919248474
919412691
919424446
919560931
919629556
919749098
919822008
919832506
920070604
920141910
920183506
920227780
920330355
920650706
920746833
920779619
921354054
921359108
921779821
922252623
922330046
922442977
922449151
922689411
922938796
923033866
923317251
923347735
923503958
923771393
923998796
924050902
924103503
924331033
924563233
924599630
924680358
924839060
924976685
925078332
925169266
925305024
925984402
926147273
926197972
926559717
926994307
927006595
927046186
927637322
927808813
927878585
927879717
928726742
928990594
929080835
929113942
929223786
929225931
929471658
929760641
929785957
930110743
930147346
930233201
931255300
931347335
932201433
932313090
932490015
932516153
932947227
933144627
933625921
934516955
934554230
934888182
935534502
935652220
935919332
936377236
936437542
936439584
936583932
936749413
936985360
937312104
937529728
937829144
937963830
938110881
938453008
938476140
938760096
938837515
939268098
939290072
939546513
939901608
940220143
940223682
940291405
940793703
940814308
940978635
941213769
941518422
943241331
943353977
943481054
943505248
943553035
943555102
943670197
943695001
943874102
944002553
944212802
944234125
944405531
944462242
944558875
944753231
944802787
944834529
944989377
945103620
945169904
945284585
945584635
945858021
946287391
946463112
946582973
946777635
947677125
947924074
948098003
948374483
948679945
949113777
949159846
949800128
949813474
950187288
950401878
950461407
950700156
951325532
951326584
951398829
951591262
951610568
951763075
952767937
952939627
952951087
953041095
953323454
953529835
953920562
954294451
954455670
954837720
955273486
955924284
955967978
956104591
956502858
956607905
956911611
957255542
957341718
957571732
957829134
958176357
958178978
958179574
958480692
958484531
958591416
958716583
958882297
959100429
959119287
959257783
959386464
959481176
959781212
960067946
960162473
960260823
960433823
960499257
960593314
960645812
960784415
960933356
961003455
961093400
961252408
961257793
961447541
961701300
961757067
961899926
962436598
962811771
963182570
963268381
963434986
963641746
964080842
964458348
964480078
964537190
964772637
965260874
965282069
965539342
965557756
966045216
966847492
966968824
967416685
967693941
967855217
968430559
968585913
968640676
968681235
968698038
968755177
969224011
969588555
969771521
969988939
970497055
970654898
970975779
971545921
971808902
972530943
972784068
972888747
972986627
973156020
973182311
973517908
973851787
974521849
974576305
974980823
975117781
975336593
975353135
975426022
975611451
975762376
975914543
975966233
976000958
976289090
976475852
976657500
976660989
976986934
977152864
978572245
978733329
978853105
978888004
978933820
978982878
979277323
979647880
979715173
980029626
980201190
980218698
980262810
980418876
980596840
980807691
981355041
981383354
981670613
982030330
982412763
983301231
983582158
983684358
983718442
983791885
984184460
984233943
985275125
985386017
985783145
986200034
986476596
986559608
986830796
987337821
987445401
987452423
987720122
987740188
987754570
987826552
987961385
988318450
988443750
988666775
989404975
989521137
989552691
989608864
989645670
989756807
989876856
990068396
990139507
990567118
991471232
991614963
991852987
992262101
992660282
992822578
992823411
992923833
992997651
993036810
993128131
993198868
993338034
993639688
993646659
993814409
994312534
994672164
994750104
995116946
995250234
995292665
995791660
995981842
996054903
996310656
996424496
996475039
996630359
996732274
996861910
996967484
997109341
997158803
997267161
997288862
997459131
998063297
998109315
998216658
998584915
998816116
998868132
999053140
999093431
999290862
1000242895
1000527883
1000556934
1000873319
1000998178
1001020710
1001050977
1001101502
1001258387
1001431942
1001538326
1001541115
1001793000
1001822460
1002373013
1002385994
1002980277
1002984069
1003275659
1003317830
1003507917
1003653159
1003678301
1003836657
1003935550
1003962205
1004330122
1004398067
1004478422
1004892927
1004991027
1005091986
1005548799
1005657463
1005761182
1005803878
1005867207
1005881685
1006000427
1006083561
1006093501
1006292036
1006727226
1006797291
1006802958
1006820053
1007171514
1007186231
1007440276
1007959934
1008093563
1008403617
1008590618
1008785245
1008828047
1008929645
1008946575
1009059301
1009201191
1009293922
1009712445
1009718166
1009887380
1010283468
1010744354
1010967759
1011303534
1011526312
1011821871
1011887036
1012183992
1012219369
1012488131
1013758325
1014304043
1014394085
1014530300
1014600279
1014884456
1015181941
1015187213
1015250092
1015401311
1015994855
1016038164
1016451475
1016659109
1017122980
1017151314
1017179188
1017184913
1017620107
1017625125
1017730650
1017736501
1017754627
1017946643
1018052962
1018142307
1018273792
1018526152
1019285991
1019297473
1019468333
1019528977
1020225845
1020316923
1020639119
1021093012
1021334285
1021409486
1021466451
1021515654
1021567922
1021654692
1021866283
1022075161
1022081489
1022106892
1022391431
1022990679
1023677144
1024170023
1024354097
1024559367
1024644088
1025078059
1025186057
1025270690
1025404179
1025674944
1025847573
1025917676
1026109678
1026404620
1026520216
1027177221
1027572473
1027594395
1027640013
1027812016
1027822056
1028836629
1029433317
1029590462
1029656325
1029669892
1029680894
1030064097
1030087051
1030277260
1030378457
1031011473
1031026037
1031105868
1031196465
1031633851
1031854427
1032048458
1032572276
1032786614
1032968980
1033708924
1033759889
1034093058
1034570943
1034958641
1035055316
1035224720
1035264431
1035612639
1036286498
1036429952
1036601752
1038133973
1038245382
1038323911
1038459636
1038519324
1038800116
1039428374
1039591309
1039653865
1039861800
1040037160
1040883741
1040952949
1041182140
1041306303
1041397740
1042298047
1042453916
1042657119
1043020025
1043379993
1043530265
1043629431
1044061514
1044408930
1044667011
1045244860
1046570840
1046797551
1047165325
1047236331
1047376046
1047400308
1047542286
1047616703
1048328985
1048466344
1048494093
1049453374
1049522383
1049630626
1049646032
1049727286
1050031359
1050040837
1050126927
1050380627
1050531291
1050758642
1051033759
1051514559
1051657964
1052597137
1052763711
1052930015
1053034753
1053062040
1053167748
1053182891
1053186633
1053202255
1054053608
1054338318
1054733906
1054845304
1054863808
1055221915
1055223029
1055342735
1055495837
1055574028
1055749000
1055865016
1056110947
1056181072
1056791135
1056886519
1056934885
1057566009
1057639632
1057946934
1058013592
1058061244
1058688668
1058771514
1059226482
1059613202
1060032131
1060129314
1060585425
1061156104
1061185212
1061264379
1061291718
1061507583
1061774852
1061944804
1062066530
1062095733
1062144731
1062188830
1062421742
1062554001
1062938624
1062992323
1064296018
1064313060
1064640108
1065272539
1066037303
1066226892
1066265937
1066372648
1066556470
1066866962
1066890913
1066970972
1067330442
1067436309
1067586409
1067699178
1067997609
1068497527
1068569557
1068659035
1068863717
1069074038
1069137717
1069233741
1069235063
1069488914
1069561548
1069865114
1069869245
1069991369
1070007541
1070131684
1070165896
1070425704
1070493285
1070538341
1070666899
1070670834
1070935377
1070962685
1071174987
1071428876
1071829481
1071840128
1071859458
1071945853
1072081842
1072100925
1072270379
1072289605
1072852600
1072890324
1073053015
1073392740
1073717447
1073723386
1073773517
1073926881
1074252825
1074419104
1074536289
1074612880
1074974955
1075241424
1075457257
1075639133
1076076532
1076112059
1076157759
1076262469
1076441781
1076820395
1077030894
1077050535
1077424075
1077424846
1077541991
1077641401
1077768698
1077890273
1078262775
1078447219
1078629724
1079558937
1080455812
1080528050
1080619559
1081117118
1081170677
1081562806
1082035965
1082486913
1082937266
1083441842
1083780969
1083836481
1084397453
1084477770
1084481415
1084519098
1084743105
1085746280
1085823980
1086760596
1086783832
1087325849
1087579837
1087647845
1087835470
1088338465
1088488760
1088614954
1088775453
1089098072
1089134095
1089419897
1089749469
1090087431
1090146000
1090406885
1090545683
1090757218
1090773419
1091333795
1091424172
1091497903
1092824666
1093350505
1093890932
1094016390
1094174170
1094373974
1094561156
1094625938
1095132982
1095406292
1095827814
1096335741
1096418734
1096669785
1096754437
1097100335
1097189705
1097346879
1097705408
1097829875
1098093300
1098140036
1098422364
1098428890
1098569546
1099153275
1099212462
1099255963
1099565846
1099567197
1099754562
1099803278
1099818421
1100339167
1100499918
1100597229
1100837072
1100843205
1101192599
1101237302
1101342649
1101714795
1101879803
1101905554
1101963184
1102680994
1102740199
1102755942
1103014812
1104057611
1104140381
1104236853
1104365498
1104965019
1105135094
1105181802
1105320445
1105670563
1105768688
1105772517
1106197146
1106227008
1106466127
1106573112
1106868897
1107090353
1107121368
1107201390
1107329293
1107850356
1107890212
1108530360
1108580640
1108602751
1109086865
1109131890
1109382707
1110230657
1110235790
1110248043
1111058781
1111318872
1111777904
1111864885
1111986610
1112126357
1112294510
1112571219
1112707909
1112940031
1113226392
1113243547
1113558497
1113776140
1114225317
1114370866
1114401845
1114457003
1114829902
1115502007
1116232021
1116762258
1116792316
1116880754
1116919835
1117234124
1117296202
1117411113
1117536844
1117808511
1118389568
1118757705
1118804647
1119617313
1119653364
1119747833
1119756188
1120027935
1120434858
1120542711
1120593266
1120603429
1120664425
1120747954
1120870954
1121050656
1121118841
1121322391
1121443686
1121812951
1121846140
1121975831
1122494467
1122865725
1123137402
1123185526
1123233355
1123403992
1123495098
1123591401
1123699662
1124040115
1124236150
1124634311
1124656909
1124731229
1124853875
1125234199
1125239838
1125336782
1125367733
1125829792
1126274331
1126822084
1126833327
1126862503
1127181728
1127369960
1127497656
1127811359
1127886335
1128166722
1128175674
1128514137
1128538366
1128823044
1128955063
1128964314
1129072634
1129357659
1129381305
1130339737
1130372884
1130445743
1130527093
1130571128
1130762923
1131346489
1131666990
1131766420
1131860838
1132012561
1132140653
1132229379
1132395028
1132681868
1132898677
1132902907
1133066456
1133313085
1133392526
1133417903
1133641184
1133676165
1133906101
1134362355
1134473590
1134543300
1134584254
1135102832
1135106592
1135621800
1135933624
1136176623
1136416261
1136490086
1136955057
1136982086
1137074851
1137140510
1137630362
1138156719
1138490419
1138634356
1138721083
1139068808
1139231225
1139425917
1139434673
1139468240
1139567651
1139603852
1139807501
1139820536
1140374691
1140439401
1140529157
1140604052
1140625343
1140732562
1140809284
1140827959
1140909957
1141358941
1141365234
1141851592
1141860789
1142267308
1142303226
1142474490
1142802988
1143032537
1143454534
1143987695
1144227077
1144488482
1144491487
1144580165
1144686413
1145472911
1145646365
1146654985
1146705160
1147227077
1147237827
1147414366
1147457645
1147518823
1147733853
1148030123
1148316920
1149025964
1149132837
1149230428
1149534954
1149690155
1149789908
1149915229
1150432205
1150966460
1151088197
1151178667
1151316389
1151378819
1151551244
1151645613
1151758476
1151813553
1151937959
1152107156
1152168596
1152776198
1154005669
1154179023
1154638418
1154830481
1154943326
1155326037
1155963916
1156032071
1156120960
1156140763
1156682945
1156747363
1157882921
1157984487
1158065856
1158142663
1158563469
1158725510
1159056416
1159105300
1159367180
1160297607
1160605987
1160706123
1161217935
1161266086
1161596236
1161654709
1162133364
1162432524
1162890740
1163101439
1163747391
1163749047
1163768483
1163787012
1163826335
1164038457
1164168707
1164483069
1164606249
1164766784
1165169810
1165262285
1165429357
1165603378
1165650552
1165874417
1165984000
1166075255
1166096527
1166176872
1166266744
1166363035
1166703123
1166819382
1166845612
1167029351
1167188087
1167718217
1168424615
1168573045
1168964562
1169190620
1169277905
1169301915
1169339602
1169512935
1169675742
1169940457
1171095987
1171535848
1171596730
1171677297
1171920990
1172088383
1172194429
1172291640
1172409109
1172417561
1172601276
1172981737
1173335825
1173513636
1173518035
1173565332
1174713412
1174776038
1174899138
1175005670
1175161085
1175203108
1175298265
1175628947
1175631136
1175868992
1176058422
1176339450
1176350597
1176372181
1176506109
1176506127
1177078155
1177129200
1177141109
1177365248
1178514166
1178545168
1178662948
1179100636
1179134524
1179297429
1179746303
1179957999
1180015124
1180152050
1180495122
1180723945
1181674716
1181758395
1181930375
1181996981
1182038665
1182164617
1182242693
1182308908
1182517315
1182600789
1183258929
1183545169
1183580040
1183613763
1183645595
1183790624
1183859466
1184080948
1184354610
1184359172
1184702856
1184721159
1185081276
1185525017
1185589771
1186054179
1186178018
1186385872
1186534698
1186710033
1187291247
1187480183
1187561166
1188075669
1188085575
1188382926
1189289618
1189592013
1189766109
1189890983
1190133082
1190218170
1190678312
1190681854
1191246347
1191310213
1191985803
1192473903
1192620120
1192704799
1192774437
1192776738
1192832789
1192909641
1193816707
1193826478
1193967394
1194058659
1194128232
1194195211
1194275984
1194805976
1194859947
1195438576
1196403079
1196509075
1196829946
1196880824
1197252010
1197551853
1197554536
1197732574
1198080299
1198193315
1198235714
1198482516
1198935370
1198987512
1199215023
1199223587
1200067662
1200419493
1200628830
1200649279
1200689196
1201072448
1201110805
1201112191
1201213102
1201859539
1202149614
1202510371
1202594884
1202854032
1202951669
1203265934
1203945261
1203954252
1204028187
1204131762
1204328742
1204343089
1204599445
1204940288
1204945789
1205030173
1205097004
1205351073
1205462939
1205789319
1205854740
1206021308
1206025807
1206356448
1206595121
1206728808
1206803289
1207131647
1207213200
1207354815
1207882946
1208241380
1208572763
1208631424
1208679421
1208690610
1208786742
1208853962
1209172868
1209201825
1209373319
1209641291
1209841329
1209957659
1210177844
1210219619
1210256986
1210283463
1210319905
1210609252
1210864733
1210910042
1211148242
1211187769
1211578131
1211707469
1211845972
1212014580
1212312106
1212351872
1212589872
1212640533
1212666895
1212843248
1213124324
1213273114
1213365968
1213420501
1213839617
1213978386
1214099584
1214179799
1214456039
1214475255
1215016254
1215226921
1215544824
1215704486
1216218707
1217158910
1217825108
1218296726
1218309183
1218719208
1219034493
1219151997
1220104248
1220314913
1220375029
1220742511
1220784362
1221834316
1221842411
1221864570
1222005792
1222936223
1222942843
1223015938
1223231499
1223488327
1223935447
1224794698
1224796621
1225005558
1225237679
1225337926
1225616422
1225919619
1226520006
1227006367
1227452249
1227466863
1227484838
1227541716
1227622996
1227802183
1228332944
1228389116
1228399361
1228830134
1228882589
1229244809
1229287912
1229318143
1229483263
1229493729
1230276002
1230636366
1230699905
1231016715
1231176398
1231383689
1231406501
1231678871
1231745290
1231840292
1231852609
1232234611
1232336601
1232472655
1232917799
1233883291
1234556330
1235266154
1235285259
1235415849
1235782917
1236298929
1236310144
1236325535
1236578724
1236601891
1236747538
1236798012
1237339091
1237498853
1237897164
1238024913
1238250395
1238482169
1238534331
1238617440
1238763854
1239557637
1239813547
1239916679
1240521962
1240738707
1241007049
1241255085
1241311860
1241626929
1241791791
1241846389
1242852758
1243070260
1243206456
1243253812
1243915962
1244110942
1244429680
1244959075
1245283295
1245351970
1245592141
1246362133
1246512079
1246536409
1246903605
1247050160
1247173301
1247700407
1247836950
1248268966
1248382800
1248460649
1248589399
1248750881
1248899357
1249002176
1249620172
1249725056
1249746457
1250164291
1251152276
1251211048
1251223070
1251583977
1251726180
1252334611
1252501388
1252975171
1253755688
1254129225
1254262510
1254279754
1254634426
1254840243
1255143724
1255393962
1255989312
1256213688
1256473222
1257044433
1257124318
1257500159
1257504118
1257565065
1258358505
1258367306
1258617939
1259208485
1259267901
1259449408
1259816703
1259964109
1260055527
1260586499
1260615032
1260656061
1261288369
1261625155
1262123354
1262482275
1262590957
1262787376
1263111153
1263488897
1263505507
1263594764
1263762008
1263816323
1263919073
1264041452
1264065944
1264344030
1264598037
1265090073
1265521903
1265598657
1265639880
1266602884
1266610196
1266770937
1266954387
1267729162
1267870109
1267886040
1268014918
1268214956
1269223356
1269243981
1269604332
1269614632
1269664386
1270103889
1271181264
1271212663
1271408124
1271480980
1272022530
1272106832
1272142541
1272589003
1272921914
1273000883
1273457737
1273503323
1273551241
1273663135
1273941744
1274500944
1274758235
1275038895
1275132276
1275385448
1275671606
1275698197
1275853372
1276204665
1276322024
1276552151
1276706860
1276923414
1276963485
1276969409
1277077245
1277537992
1277563163
1278208259
1278303131
1278463719
1278543354
1278711051
1278919261
1279312287
1279524957
1279825108
1280331442
1280682783
1280903038
1281138812
1281503174
1281512744
1281607831
1281952653
1281967852
1282120507
1282791109
1282848516
1282991504
1283023527
1283338206
1283379324
1283870039
1283946675
1284019466
1284057551
1284494581
1284716904
1284827308
1285133854
1285454844
1285707613
1285808347
1285842665
1285844066
1286229501
1286421652
1286671686
1287059502
1287554301
1287827875
1288022183
1288109293
1288370469
1288585457
1288629740
1288668046
1289357654
1289402191
1289793557
1289796986
1289862081
1290793469
1290914112
1291241237
1291317417
1291355734
1291512720
1291767112
1291898194
1291990714
1292528338
1292908902
1293294610
1293335305
1293527663
1293691054
1293995649
1294493031
1294678655
1294977170
1295101303
1295365382
1295735528
1295840902
1295864497
1295995400
1296389480
1296713590
1296734557
1296892900
1297360426
1297535823
1297748950
1297917491
1298087763
1298092757
1298660500
1298698949
1298716093
1298767671
1299104250
1299396729
1299820553
1300247660
1300735177
1300811326
1301046652
1301061046
1301142195
1301161294
1301162262
1301250490
1301440517
1301630242
1301867399
1301960088
1301986053
1302614069
1302633865
1302688219
1302951810
1303091752
1303128459
1303371499
1303561231
1303655582
1303756699
1304227815
1304252442
1304337080
1304945507
1304948838
1305279839
1305318847
1306330564
1306509893
1306553393
1307007819
1307505995
1307581460
1307586004
1307587573
1307686984
1307713762
1308028319
1308130762
1308323398
1308324383
1308528416
1308834964
1308983235
1308984635
1309458589
1309528927
1310151607
1310195853
1310573159
1311046365
1311268771
1311412132
1311464596
1311921120
1312446330
1312568026
1312582102
1312592492
1312931633
1312953196
1313869178
1313986410
1314205041
1314386099
1314400017
1315071232
1315075017
1315158157
1315271130
1315416603
1315461067
1315630170
1315767406
1315901481
1315998302
1316405030
1316564211
1316971357
1317115146
1317253997
1317384957
1317522454
1317758003
1317887992
1318206725
1318207362
1318274617
1318443486
1319420707
1319515158
1319589385
1319696654
1319815726
1319872934
1320461325
1320543467
1320569513
1320715893
1321061011
1321241966
1321412811
1321500928
1321510384
1321701556
1322109754
1322490593
1322498625
1322654366
1322820279
1322847175
1323025649
1323060941
1323161190
1323396105
1323539532
1323572852
1323604947
1323734499
1323850160
1324039999
1324041467
1324559934
1324686500
1324730696
1324802893
1325004089
1325171211
1325214700
1325303637
1325454247
1326497616
1327182715
1327528058
1327571415
1327859764
1327882170
1327928709
1328012693
1328379054
1328944523
1329111625
1329149604
1329629910
1329653610
1329674408
1329980587
1330155946
1330228959
1330257142
1330262305
1330456073
1330479269
1330559195
1330920818
1331116597
1331295555
1331468863
1331478643
1331528908
1331601489
1331609658
1331693681
1331780429
1332003828
1332394240
1332840903
1332882021
1332893738
1333053230
1333079719
1333218287
1333250759
1333626629
1333960605
1334312983
1334354441
1334918948
1334971199
1335167311
1335391090
1335420454
1335737281
1335836067
1336178361
1336336917
1336697726
1336856198
1336856887
1336887992
1336931202
1336934198
1337242297
1337355196
1338068106
1338536730
1338598998
1338870341
1339193789
1339318124
1339331060
1339388977
1339675154
1339999619
1340002632
1340372349
1340392387
1340481411
1340730934
1340799964
1340885140
1341296277
1341441014
1341971521
1342105536
1342292587
1342540183
1342622063
1342739722
1343142276
1343892972
1343921493
1344103953
1344406423
1344482726
1344891533
1345000502
1345511525
1345988769
1346041181
1346170563
1346277902
1346427345
1346462972
1346469619
1347162116
1347679241
1348234817
1348246714
1348432901
1348488326
1349044840
1349400208
1349433164
1349492902
1349721279
1349781854
1349854077
1349929807
1350139186
1350293858
1350580408
1350775975
1350783465
1350846581
1350847103
1351425978
1351777927
1351792954
1351818560
1351852083
1351853895
1352260950
1352308378
1352416934
1352696422
1352860152
1352892601
1353067029
1353099944
1353232246
1353696595
1353850281
1353888847
1354153554
1354687373
1354697529
1354787215
1354798233
1355044544
1355056275
1355659621
1356472138
1356570942
1356817733
1357001433
1357148814
1357192366
1357220142
1357296047
1357396100
1357625005
1357820139
1357958117
1358102259
1358891053
1358989548
1359901801
1359956749
1360013148
1360107820
1360447924
1360483461
1361112505
1361387214
1361446471
1361618478
1361634539
1361686574
1361929727
1362455895
1362522551
1362654491
1362701694
1362732354
1363119438
1363288067
1363351914
1363545033
1363577899
1363662476
1364367434
1364415364
1364553032
1364835859
1365007659
1365104493
1365293802
1365417885
1365890071
1366060707
1366188744
1366309012
1366545889
1366664595
1367047537
1367512065
1367545696
1368279385
1368529348
1369075760
1369471629
1369947251
1370087001
1370098445
1370214374
1370228932
1370378415
1370738577
1370910328
1371006693
1371015323
1371070235
1371428261
1371756068
1372311526
1372342843
1372386296
1372705749
1373287730
1373299898
1373456644
1373496469
1373529656
1373720588
1373946874
1374020686
1374161829
1374463207
1374563740
1374617429
1375028291
1375032523
1375050366
1375077552
1375154262
1375192558
1375722682
1375982337
1376214822
1376287485
1376572859
1376654330
1376755152
1376864101
1376968484
1377027021
1378084863
1378134534
1378202396
1378203720
1378211540
1379008640
1379146894
1379210169
1379337690
1380213100
1380471584
1380572891
1380624498
1380637914
1380799181
1381270010
1381306225
1381631132
1381672355
1381757446
1381841081
1382102421
1382371794
1382502705
1383065563
1383930751
1384565198
1384624539
1385117916
1385148330
1385477107
1385923440
1386193841
1386349854
1386354708
1386413220
1386510740
1387159949
1387338924
1387403763
1387578718
1387602531
1387676332
1387982708
1388001008
1388032301
1388049994
1388161698
1388261946
1388404328
1388558817
1388839517
1389135549
1389310935
1389365607
1389425739
1391474253
1391480386
1392130421
1392177045
1392503389
1393485854
1393609132
1393893228
1393929945
1394134754
1394321347
1394341821
1394405597
1394682117
1394714714
1395025936
1395078090
1395145937
1395538624
1395911317
1395940580
1396207742
1396339537
1396415856
1396426886
1396485735
1396758541
1397824028
1398174344
1398197448
1398305053
1398490939
1398922231
1398938624
1399347134
1399495355
1399512160
1399579552
1399809104
1399910150
1400093925
1400144819
1400262605
1401038068
1401185722
1401730766
1402153200
1402741048
1402815605
1403163381
1403260122
1403602184
1403867146
1404068652
1404170796
1404358163
1404418546
1404536835
1404744571
1404978184
1405343671
1405425975
1405622928
1405801156
1405803938
1406000020
1406367429
1406510887
1406744701
1407014020
1407599303
1407685272
1407739616
1408006833
1408303007
1408756085
1408967840
1409077186
1409158705
1409544313
1409601827
1409657456
1409745967
1409755425
1410083052
1410413311
1410473374
1410614376
1410705963
1410873951
1410889067
1410900897
1410929253
1411141243
1411383312
1411406923
1411483147
1411670470
1412000192
1412677981
1412933592
1412989261
1413156629
1413633981
1413669405
1413790820
1414127474
1414151010
1414201451
1414361146
1414662870
1414701174
1414746265
1415265883
1415361064
1415729667
1417360255
1418238697
1418256588
1418595868
1418773275
1418829200
1419154011
1419732257
1419791728
1419876456
1420464892
1420543280
1420709854
1420778577
1420879386
1420882053
1421046393
1421174610
1421372784
1421405825
1421818226
1422464112
1422650916
1422847601
1423088432
1423279889
1423959610
1424392796
1424611998
1424737499
1424793865
1424975128
1425154332
1425278166
1425647071
1425731431
1425795047
1425892005
1425938297
1426046563
1426102445
1426462821
1426658337
1426672813
1426684322
1426831936
1427012957
1427053263
1427239154
1427250359
1427527080
1427661339
1427709500
1428160559
1428571151
1428657648
1428665336
1429466555
1429484052
1429914103
1430008211
1430183794
1430257421
1430442292
1430534913
1431103823
1431257819
1431268638
1431321039
1431330631
1431582806
1431620548
1431648761
1431686894
1431809882
1431900909
1431948917
1432228467
1432404408
1432513757
1433083877
1433109578
1433224456
1433385639
1433449239
1433560530
1434104285
1434138849
1434420306
1434783095
1434929290
1436150718
1436306495
1436513007
1436692040
1437093390
1437298908
1437437733
1437465924
1437654812
1438052602
1438147236
1438691165
1438758686
1440171760
1440876921
1441009893
1441220623
1441385979
1442094828
1442555328
1443081304
1443110898
1443562470
1443598730
1443720285
1443727245
1443787905
1444706016
1444778623
1445055464
1445268233
1445354265
1445363600
1445474069
1445663383
1446309508
1446514108
1446521691
1446595757
1446726196
1446861371
1447029153
1447227308
1447784401
1448026931
1448286240
1449026813
1449050662
1449281302
1449298409
1449788304
1449878488
1450574603
1450631529
1451032971
1451058668
1451255561
1451427420
1451618370
1452250634
1452336835
1452357773
1452393518
1452914246
1453011757
1453040017
1453284159
1453671883
1453682049
1453767823
1453777397
1454176107
1454430058
1455084739
1455235315
1455372394
1455466210
1455623739
1456427983
1456709295
1456895631
1457207208
1457217089
1457250165
1457313199
1457584671
1457858019
1458519242
1459040975
1459265151
1459529588
1459777293
1459974641
1460123291
1460363803
1460668790
1460672095
1460716530
1460822083
1461033685
1461061585
1461111354
1461166483
1461263603
1461573527
1461671588
1461834660
1461947500
1462210778
1462364467
1462563798
1462624670
1462912680
1463117737
1464046056
1464074840
1464588338
1464640154
1465239287
1465375199
1465670051
1465790548
1465892868
1466077413
1466282335
1466359433
1466458890
1466503999
1466553656
1466787560
1467189134
1467266977
1467573987
1467579890
1467952305
1468142564
1468299770
1468392913
1468663737
1469001608
1469179951
1469181326
1469259824
1469310338
1469581420
1469626565
1469921994
1470084953
1470675045
1470923142
1470970069
1471016266
1471177960
1471912467
1471983350
1471996915
1472113725
1472242101
1472285031
1472335773
1472383316
1472405599
1472566253
1472865769
1473294707
1473311962
1473922782
1473962096
1474028172
1474191885
1474204340
1474739751
1474865264
1474899586
1474947708
1475209980
1475210554
1475392727
1475397002
1475454613
1475604255
1475880775
1476046453
1476321679
1476392573
1476660816
1476853241
1477556281
1477889094
1477920079
1477932001
1477989899
1478469769
1478976361
1479093742
1479115215
1479162094
1479386590
1479956514
1480194003
1480303779
1481086483
1481162591
1481170670
1481545680
1481771043
1481805889
1482732639
1483192055
1483554771
1483906059
1484135213
1484981892
1485382454
1485437964
1485438370
1486072873
1486104606
1486279103
1486373772
1486376824
1486593241
1487532338
1487724566
1487976817
1488039156
1488222917
1488273279
1488500879
1488949760
1489035207
1489466947
1489487401
1489523578
1491201676
1491468504
1491653067
1491722501
1492107136
1492166673
1492267104
1492511045
1492660842
1492902832
1493372328
1493530154
1493704231
1493886510
1494226976
1494321287
1494587401
1494670609
1494997799
1495225575
1495519053
1495610685
1495795453
1496099180
1496113383
1496195709
1496199200
1496284240
1496465268
1496536983
1496954171
1497351626
1497411905
1497650778
1497712175
1497832738
1498256779
1498291546
1498382710
1498873195
1499262770
1499327203
1499369866
1499803208
1499858475
1500210367
1500227805
1500234677
1500314184
1500371290
1500713481
1501047852
1501051979
1501075796
1501152695
1501207718
1501528684
1501646047
1502138603
1503253821
1503268918
1503528727
1503662046
1503681265
1503713951
1503893324
1504067096
1504095667
1504249865
1505517398
1505751449
1505884631
1506813495
1506906050
1507117110
1507481354
1507793006
1507842093
1507975977
1507990052
1508642759
1508677147
1508867450
1509180364
1509267713
1509437402
1509485003
1509672545
1509727824
1509783298
1509827150
1510090585
1510497143
1510768727
1510941883
1511032869
1511101555
1511872418
1511963167
1512003877
1512282730
1512440331
1512884693
1512929529
1513003320
1513433962
1513895325
1514249797
1514724940
1514913359
1515130163
1515689454
1515719327
1515857252
1516118348
1516146278
1516377187
1516377442
1516398677
1516443334
1516447292
1516593130
1516705780
1516793685
1517083659
1517406585
1517409851
1517641622
1517894021
1518467178
1518655746
1518852124
1518892953
1518990549
1519088201
1519171322
1519189802
1519261816
1519480922
1519500895
1519871812
1520181363
1520248937
1520651836
1520737737
1520858045
1521454035
1521511737
1521582730
1522178165
1522297458
1522362061
1522453884
1522827527
1522860879
1523231996
1523234896
1523662362
1523803506
1523807573
1524197808
1524459110
1524751465
1524769078
1524854022
1525025794
1525032842
1525093296
1525409908
1525738594
1525873248
1526368540
1526504258
1526769770
1526770900
1526858742
1526983553
1527005236
1527005271
1527221947
1527662099
1527729942
1527914056
1528014763
1528201522
1528330437
1528454869
1528480001
1528749101
1529149169
1529342453
1529474547
1529631796
1529747869
1529923224
1529924469
1530014980
1530516550
1530715097
1530749332
1530995627
1531002156
1531075007
1531160297
1531192949
1531576723
1531993851
1532012160
1532804426
1532879817
1532896984
1532996184
1533486807
1533513626
1533551942
1533577050
1533757428
1533872887
1533907620
1533977761
1534378998
1534466470
1534469783
1534559699
1534960432
1535564758
1535869643
1535907197
1536026786
1536176013
1536290317
1536523372
1536533575
1536599185
1536812726
1536843730
1537423795
1537451875
1537484595
1537488281
1537627295
1538048786
1538175373
1538457405
1538476716
1538546919
1538569244
1538582853
1538747670
1538810147
1538885577
1539178462
1539335401
1539355299
1539545372
1539924217
1539936674
1540245439
1540266072
1540365494
1540398067
1540413666
1540439202
1541053655
1541080107
1541155323
1541465991
1541620225
1541695126
1542241843
1542560250
1542679855
1542717132
1543019124
1543180098
1543184655
1543388227
1543395435
1543472423
1543507878
1544072996
1544143139
1544392500
1544457854
1544519465
1544912606
1544999656
1545256577
1545432982
1545472942
1545582422
1545747209
1546035455
1546054535
1546067842
1546190716
1546199539
1546388425
1546462405
1546588099
1546643610
1546862610
1547104723
1547267163
1547277716
1547629448
1547651585
1547989325
1548338814
1549213362
1549700279
1549860719
1550067502
1550113677
1551091166
1551114174
1551195923
1551294489
1551939797
1552169978
1552238055
1553332503
1553808179
1553906773
1553995094
1554190406
1554275172
1555307338
1555454137
1555462012
1555545331
1555591199
1555629450
1555784769
1555789072
1556058130
1556412909
1556442503
1556613936
1556634531
1557523406
1557807206
1557817017
1557862769
1557870974
1557871174
1558396700
1558467555
1559212568
1559236379
1559274362
1559314349
1559778576
1559917527
1560008229
1560198507
1560200640
1560245252
1560311306
1560422573
1560509923
1560512660
1560541890
1560548865
1560835039
1560859314
1561093440
1561168702
1561233119
1561267500
1561474442
1561497498
1562301095
1562799850
1562942275
1563013189
1563231856
1563254303
1563490855
1563552607
1563622326
1563673003
1563973638
1564033543
1564113580
1564241895
1564548366
1564650365
1564688879
1564765938
1565077419
1565346062
1565441477
1566234773
1566807898
1567118831
1567302047
1567423711
1567564078
1568151421
1568389073
1568458961
1568540671
1568573155
1568690717
1568765741
1568820032
1568852884
1569190861
1569379147
1569381981
1569635115
1570722262
1570725118
1571031542
1571304698
1571700383
1571740780
1571807882
1572122052
1572676347
1572708521
1572782591
1572930076
1573030277
1573136155
1573162273
1573166871
1573373447
1573419082
1573686454
1573846479
1574765727
1574946334
1575195086
1575360089
1575672033
1575741927
1575902283
1576158818
1576778658
1577302639
1577327432
1577544202
1577771500
1577799438
1577820830
1578259596
1578620234
1579295011
1579361541
1579477402
1579710147
1580263700
1580477120
1580875891
1580980629
1581260181
1581418306
1581673992
1581709947
1581980270
1582070208
1582214192
1582292585
1582395934
1582803719
1582895926
1583048732
1583735102
1583754022
1584391690
1584851596
1584899078
1585069590
1585399403
1585450932
1585660012
1586215430
1587369290
1588032845
1588148956
1588380351
1588510879
1588735928
1588822402
1589133268
1589260787
1589307630
1589917112
1589976908
1590027694
1590110228
1590933073
1590957576
1591113908
1591120561
1591272697
1591708723
1591986653
1592810054
1593080758
1593419878
1593587811
1593639461
1593974303
1594363738
1594397312
1594579995
1594681301
1594744149
1594753664
1594850887
1594966149
1595314076
1595394622
1595496245
1595680456
1595822737
1596022280
1596026639
1596164519
1596314802
1596542472
1596616818
1596692037
1596921334
1596979794
1597192611
1597601365
1597708538
1597741607
1597842642
1598069454
1598571150
1598857018
1598904111
1599057364
1599235647
1599438790
1599513426
1599562786
1599735348
1599766045
1599806759
1599898022
1600617131
1600640035
1601027251
1601097276
1601423191
1601885772
1602142014
1603027798
1603212331
1603324475
1604101764
1604123197
1604804465
1605033219
1605473332
1605538117
1605553584
1605682729
1605902435
1605996271
1606300022
1606735957
1606812952
1606887005
1607267207
1607338132
1607368122
1607558810
1607603664
1607871828
1608081712
1608134026
1608527460
1608883587
1608926643
1609208666
1609369604
1609424903
1609513825
1609703755
1609920432
1609948981
1610445472
1610620545
1610769402
1610937386
1611098069
1611193802
1611414413
1611550803
1611759374
1611849435
1611915345
1612971236
1613438265
1613611812
1613617764
1613713657
1614165794
1614588303
1614925775
1614953723
1615145878
1615261300
1615289135
1615295419
1616361558
1616485759
1616706923
1616791973
1617025370
1617030490
1617194673
1617434623
1617453810
1617567750
1617587147
1618494381
1618780714
1618825203
1619661576
1620061335
1620184676
1620223817
1620407403
1620751950
1620887811
1620969201
1621490242
1621588052
1621882495
1622025775
1622471820
1622497972
1622555067
1622718255
1622921152
1623229388
1623435595
1623853607
1623889045
1624624929
1624727390
1625888310
1626243643
1626322089
1626503137
1626667882
1626929279
1627088026
1627124519
1627173971
1627442392
1627541637
1627549164
1627599452
1627790000
1627936081
1627995008
1628134609
1628210065
1628318558
1628445751
1628454932
1628502821
1628547621
1628771992
1629179346
1629338308
1629460249
1629551040
1629702305
1629715529
1630158425
1630173836
1630201276
1630386454
1631130744
1631185572
1631265296
1631357575
1631389887
1631478279
1632191496
1632273906
1632387668
1632527606
1632607150
1632733262
1632816649
1633117112
1633276913
1633505339
1633718509
1633826239
1633842806
1634076602
1634091991
1634736853
1635060195
1635526119
1635861477
1635920663
1636811647
1637335021
1637700507
1638003408
1638060547
1638207750
1638312157
1638347970
1638453779
1638945109
1638949813
1639112281
1639167506
1639257838
1639267956
1639568091
1639664912
1639759609
1639952953
1640350536
1640697796
1641144346
1641344095
1641616181
1641704864
1642134862
1642148487
1642903913
1642986742
1643036433
1643102335
1643267462
1643276079
1644234350
1644668694
1644907241
1644993688
1645199886
1645312464
1645420422
1646318364
1646813377
1647074498
1647110928
1647197746
1647208697
1647215078
1647738802
1647905026
1648228793
1648276395
1648277974
1648281778
1648338254
1648412351
1648463625
1648788368
1648949943
1649006877
1649025981
1649210475
1649274351
1649282805
1649363294
1649813826
1649840694
1649986669
1650402984
1650484575
1650662720
1651110156
1651784346
1651851400
1652625091
1653134156
1653188575
1653515939
1653736950
1654222914
1654314728
1655093654
1655171023
1655191582
1655558379
1655656710
1655802072
1656086436
1656344027
1657299430
1657501945
1657616365
1657634330
1657812142
1657872593
1657922973
1658413959
1658663274
1658695003
1659352744
1659480250
1659932831
1660188877
1660242899
1660252117
1660260288
1661079238
1661820366
1661921040
1662635155
1662662914
1662801248
1662801413
1662932309
1663178142
1663520009
1663602505
1663697140
1663755543
1664022733
1664220125
1664294650
1664496971
1664605372
1665050625
1665096441
1665100811
1665130432
1665769701
1665928804
1665992699
1666101565
1666210007
1666214039
1666334611
1666556459
1666995166
1667101021
1667649644
1667845404
1667918086
1668113982
1668117041
1668129300
1668166374
1668606952
1669184116
1669900339
1670018503
1670102619
1670378875
1670865772
1670909368
1671013004
1671017188
1671308888
1671492872
1671818452
1671822551
1672134153
1672209471
1672311661
1672338372
1672367221
1672399572
1672536154
1672756215
1672910414
1673031085
1673112315
1673740725
1674738810
1675466063
1675527325
1675654750
1675705413
1676206583
1676472523
1676646594
1676757722
1676862446
1677098037
1677730714
1678414349
1678519355
1678615736
1678712704
1678803318
1678803481
1679108720
1679900035
1679938809
1680194456
1680215763
1680662778
1680792270
1680814301
1681384943
1682276283
1682702840
1682770509
1683107997
1683155050
1683781243
1684074155
1684155674
1684499114
1684566061
1684619085
1684666658
1685147777
1685932632
1685941864
1686111438
1686416303
1686570335
1686662954
1686978994
1687214873
1687217230
1687455123
1687889843
1687907774
1688146333
1689136657
1689501315
1689801467
1690057121
1690114292
1690228325
1690275026
1690727958
1691195193
1691246708
1691351315
1691522714
1691712670
1691732846
1692175391
1692273345
1693343986
1693362272
1693416993
1693612940
1693645988
1693677527
1694221352
1694273645
1695142221
1695178812
1695334361
1695341971
1695832543
1695950383
1696238250
1696443336
1696622549
1697121306
1698267344
1698787684
1699415877
1700211010
1700243409
1701055103
1701235002
1701276595
1701437459
1701439850
1701481170
1701508645
1701657590
1701862538
1701871059
1702207318
1702463322
1702749620
1702950076
1702994896
1703133678
1704552923
1704720135
1704830907
1704899609
1704919568
1705012131
1705087477
1705369711
1705388972
1705453745
1705461546
1705810032
1705877026
1705907075
1705989756
1706107910
1706153853
1706153906
1706184702
1706239313
1706333795
1706727140
1707722724
1707744818
1707964936
1708056985
1708190298
1708523314
1708633729
1708743931
1708787934
1708828076
1709033250
1709802800
1710061571
1710270557
1710627444
1710655421
1710763407
1710774066
1710857233
1710892944
1711090339
1712157251
1712819943
1713101408
1713103210
1713530121
1714088391
1714184479
1714504014
1714820727
1715063894
1715435016
1715693085
1716012410
1716019710
1716030140
1716346861
1716694193
1717037166
1717117453
1717398848
1717816062
1717958458
1717998258
1718115024
1718291101
1718503951
1718944247
1719592318
1719797543
1720153922
1720196974
1720234080
1720359964
1720438058
1720870351
1721047299
1721074456
1721225034
1721289311
1721360641
1721694014
1721862984
1722037035
1722054142
1722080295
1722167367
1722323316
1722354802
1722460567
1722660574
1722982895
1722990065
1723215548
1723224744
1723640842
1723685579
1723794031
1723824081
1724028664
1724478061
1724669051
1724896791
1724961192
1725042389
1725102450
1725126154
1725201467
1725242788
1725242853
1725270768
1725393026
1725481601
1725644204
1725949855
1726070476
1726118458
1726295113
1726581200
1726676174
1726770184
1727127997
1727136241
1727783229
1727966834
1728184948
1728241333
1728879258
1729576113
1730072959
1730333794
1730895945
1730943975
1731525040
1731600144
1731850299
1732328336
1732541987
1732643254
1732904730
1732917302
1732974677
1732977808
1733191345
1733202877
1733496861
1733862882
1734086739
1734396616
1734518214
1734725656
1735085916
1735109443
1735492397
1735598098
1735688019
1736662974
1737037887
1737076299
1737714891
1737964054
1737968648
1738067210
1738957732
1739251623
1739603572
1739899249
1739917626
1740236768
1740246729
1740265962
1740392123
1740503709
1741752087
1742152297
1742291310
1742562488
1742709075
1743148560
1743193358
1743327426
1743340360
1743351808
1743416970
1743642223
1743661047
1743677978
1743762838
1743775312
1743866441
1744043630
1744233810
1744682234
1744812188
1745343173
1745890367
1745912165
1745971944
1746061863
1746095592
1746248162
1746462073
1746510290
1746821111
1747071478
1747435675
1747452685
1747567938
1747586366
1747711505
1748258955
1749193012
1749206700
1749253734
1749464292
1749711737
1750005744
1750062552
1750074003
1750352954
1750363925
1750693031
1750758418
1750966987
1751057249
1751144029
1751427013
1751706697
1752035267
1752049796
1752114273
1752141008
1752367384
1752392690
1752727926
1752813774
1752866223
1753242511
1753390243
1753853591
1753912339
1754386566
1754462793
1754870247
1754882526
1755025756
1755053498
1755261757
1755947517
1756023519
1756024972
1756028788
1756316820
1756693115
1756801131
1756825188
1757040471
1757213108
1757335433
1757884294
1758381099
1758562141
1758743276
1759606926
1759611532
1759797644
1759978205
1760047027
1760214752
1760823080
1760979033
1760981534
1761040966
1761245567
1761360851
1761382817
1761459778
1761893623
1762275894
1762496116
1762571669
1762714627
1762801102
1763203035
1763310613
1763542588
1763766931
1763913295
1764269865
1764648911
1764780082
1764899880
1765014792
1765028424
1765116654
1765125055
1765251070
1765310235
1765436156
1765834452
1765914710
1765992296
1766128403
1766208958
1766260648
1766381675
1766596052
1766651111
1767015413
1767632808
1767978113
1768267343
1768329727
1768421875
1768508046
1768754961
1768805299
1768954557
1769005979
1769120197
1769891046
1769923310
1770035691
1770211045
1770350134
1771327113
1771509615
1771647507
1771662907
1771950798
1772080299
1772206017
1772312048
1772485558
1772890426
1772927356
1772982148
1773426590
1773521117
1773631321
1773999787
1774206187
1774211107
1774841789
1775143127
1775610011
1775698597
1776571167
1776629981
1776857016
1777330645
1777438087
1777661307
1777661571
1777710460
1777854704
1778471164
1778582230
1778610980
1778819191
1779021322
1779313687
1779536019
1779961365
1779996264
1780310082
1780605984
1780709856
1780746452
1780759208
1780825694
1781495934
1781639805
1781714466
1781857736
1781970853
1782376237
1782564425
1782706764
1782988032
1784052008
1784295935
1784343707
1784928723
1785153141
1785175650
1785337425
1785801220
1785939024
1786226810
1786227095
1786278681
1786457260
1786489669
1786626314
1786685214
1786947915
1787615533
1788096110
1788116697
1788226317
1788383949
1788419901
1788634632
1788944942
1789302482
1789533063
1789801810
1789828409
1790051986
1790083982
1790474750
1790540579
1790696172
1790861873
1790936540
1791064764
1791391617
1791737374
1791916248
1792277940
1792342175
1792378595
1792473560
1792692835
1792845879
1793235558
1794123388
1794251985
1794409805
1794455378
1794980926
1796005187
1796072942
1796120691
1796130221
1796305578
1796584231
1796644995
1797482417
1797699262
1797895079
1797990863
1798079923
1798245035
1798303508
1798537036
1799173387
1799323868
1799461804
1799476854
1799627156
1799949725
1800326727
1800797393
1801123914
1801407920
1801435783
1801733252
1801789433
1801824057
1802339818
1802642573
1802947969
1802974047
1803743986
1803999302
1804106986
1804364341
1804401449
1804655196
1804846732
1804855000
1804930290
1805014335
1805076029
1805099388
1805251982
1805715548
1805873114
1805884705
1805960257
1806215623
1806733665
1806937319
1806956327
1807101912
1807238985
1807239087
1807457660
1807523711
1807893265
1808108187
1808248169
1808257832
1808302395
1808613251
1808665567
1808826509
1808921401
1808964592
1809347705
1809382933
1809955341
1810111947
1810756747
1810791492
1810940188
1811283280
1811460757
1811473856
1811505602
1811531894
1811927430
1812104699
1812644881
1812657088
1812755470
1813131654
1813168799
1813175450
1813216400
1813342710
1813707989
1813763949
1814070901
1814282675
1814925607
1815064735
1815463265
1815494154
1815971589
1816034702
1816756910
1817434159
1817778261
1817848315
1817887139
1818209129
1818425460
1818695364
1818766801
1819121608
1819422521
1819431827
1819432657
1819611995
1820065704
1820463223
1820554271
1820807863
1820974644
1821384598
1821690508
1822238635
1822479083
1822693526
1823186917
1823186961
1823546337
1824002198
1824265496
1824513680
1824688820
1824822258
1825345779
1825576180
1825628851
1825939400
1826047839
1826217785
1826247021
1826345596
1826403197
1826571629
1827019229
1827128512
1827139686
1827561287
1827569772
1827711681
1827763582
1827871963
1827989331
1828407500
1828462835
1829267394
1829281864
1829320042
1829537658
1829770149
1829909051
1830177355
1830354434
1831000914
1831101974
1831313577
1831770265
1831842586
1832042405
1832112593
1832236519
1832378743
1832478845
1832787430
1832828719
1832979616
1833571858
1834366694
1835111747
1835207065
1835734504
1836260556
1836588896
1836879862
1836892416
1837013873
1837077599
1838327324
1838551068
1839202919
1839681827
1839699605
1840976367
1841028506
1841121434
1841290133
1841342128
1841683087
1841723961
1841852392
1841975570
1842252991
1842269498
1842475088
1842660644
1842720764
1843634042
1843743144
1843824047
1843898897
1843986999
1844098969
1844210087
1845049589
1845074686
1845187787
1845531628
1846457014
1847146170
1847188045
1847421182
1847573943
1847714276
1847759022
1847815852
1848066924
1848495138
1849117656
1849334464
1849400237
1849487094
1849609435
1849678620
1849743835
1849891544
1849921812
1851107262
1851175709
1851204392
1851355810
1851917623
1852187937
1852303474
1852420080
1852441743
1852444992
1852966252
1853363875
1853489111
1853522047
1853953485
1854214458
1854695844
1854777596
1854801246
1855115861
1855160270
1855219003
1855447611
1855474992
1855749681
1855988983
1856263618
1856985127
1857239464
1857909470
1858150127
1858174618
1858363538
1858595730
1858662725
1858879418
1859187622
1859323016
1859478083
1859853336
1860490980
1860655729
1860750247
1860891648
1861189622
1861348423
1861491975
1861539824
1861619287
1861668147
1861684055
1861739044
1861898815
1861948660
1862137218
1862164266
1862426154
1862628215
1862645866
1862882093
1862895374
1862999009
1863035786
1863746047
1863752021
1864216365
1864918799
1864935413
1864963009
1865275220
1865290036
1865355196
1865527753
1867019054
1867111899
1867325433
1867412478
1867451889
1867457656
1867593727
1868008243
1868233858
1868551001
1868720256
1869066788
1869378578
1869609319
1869642129
1869963061
1870698379
1870832074
1870837696
1870936738
1871269584
1871332014
1871840886
1871938349
1871941011
1872919872
1873130742
1873164003
1873183074
1873204034
1873727769
1873729755
1873970151
1874172138
1874179907
1874372207
1874906284
1875297396
1875527218
1875766266
1875787759
1876011941
1876104568
1876193193
1876350107
1876788200
1877024568
1877155686
1877178883
1877495041
1877615476
1877617380
1878312288
1878469679
1878664533
1878720111
1878762201
1878784153
1879361444
1879544038
1880357796
1880453950
1880725495
1880730096
1881097242
1881296602
1881354859
1881595839
1881613190
1881903450
1881991967
1882437583
1883783030
1883982417
1884080390
1884086474
1884377195
1884432770
1884445593
1884694799
1884944890
1885307876
1885395099
1886220337
1887284012
1887603237
1887741478
1887924239
1888039698
1888389015
1888401894
1888583835
1888638912
1889363000
1889478913
1889480502
1889703292
1890010566
1890604276
1890713707
1891123719
1891138761
1891345355
1891447499
1891463711
1891765950
1892119399
1892448396
1893099629
1893272561
1893290176
1893380559
1893396327
1893494850
1894200097
1894574204
1894659788
1894808093
1894938837
1895167625
1895461468
1895559922
1895740427
1895789725
1895923045
1896048034
1896059136
1896279879
1896327795
1896400924
1896495974
1896834592
1897075905
1897250147
1897759136
1897789824
1897932642
1897971001
1898112034
1898296809
1898474948
1898874297
1899170410
1899308349
1899381430
1899521168
1899746507
1900036959
1900102116
1900420785
1900441773
1900502231
1900581014
1901021752
1901408043
1901635113
1901941367
1901984932
1902228230
1902288496
1902542327
1902591700
1902668505
1902730367
1903614269
1903644658
1903836720
1903884203
1903897302
1904000363
1904235020
1904331339
1904371702
1904771691
1905109017
1905473335
1905933485
1906323535
1906434603
1906891822
1907686188
1908006042
1908360950
1908492231
1909314282
1909486562
1909487270
1909876575
1909951344
1911323649
1912003510
1912238107
1912580489
1913241118
1913342697
1913884190
1914013121
1914198433
1914313145
1914318669
1914479569
1914601032
1914689049
1914762242
1915082153
1915230405
1915582496
1915582755
1915674637
1915689964
1915955733
1915999236
1916173403
1916278534
1916354785
1916642797
1916756819
1918102063
1918362589
1918656271
1918827917
1919103428
1919769317
1920017628
1920099305
1920269410
1921001404
1921150382
1921251166
1921744603
1921829212
1922219698
1922355870
1922521735
1922578592
1922832131
1923480752
1923552328
1923908577
1924025419
1924189246
1924205408
1924238940
1924247326
1924786633
1925010112
1925646843
1925832321
1925925157
1925945155
1926285638
1926303790
1926332701
1926574207
1927200230
1927238054
1927251561
1927262865
1927319215
1927463945
1927788421
1927868396
1927918006
1928095964
1928176444
1928230498
1928318343
1928320102
1928504464
1928534011
1928563412
1928593879
1928612155
1928725646
1928737895
1928799419
1928854494
1929047612
1929091322
1929114976
1929620062
1929662259
1929773093
1930090425
1930184142
1930386886
1930715975
1931126840
1931459980
1932016954
1932064058
1932337373
1932539981
1932571454
1933161085
1933198955
1933477290
1933502785
1933684380
1933888827
1933900129
1934193932
1934301568
1934352997
1934369880
1935072333
1935153442
1935495002
1935949238
1936541141
1936660733
1936999491
1937032091
1937250445
1937667985
1937845719
1937973142
1937989522
1938132612
1938464937
1938526217
1938789309
1939532365
1939533903
1939696076
1940432016
1940566094
1940823340
1941749685
1942444002
1942470088
1942527434
1942601393
1942656866
1942769290
1943037750
1943192370
1943419520
1943457295
1943492109
1943514847
1944153450
1944204673
1944263049
1944292758
1944311023
1944469244
1944573350
1944672753
1945211363
1945215569
1945273844
1945562630
1945722333
1945961216
1945972437
1946008845
1946767436
1946771162
1946843276
1947116931
1947151715
1947254360
1947459800
1948169538
1948362902
1948391445
1948392101
1948457210
1948509500
1948830736
1948868939
1948904403
1949575685
1949665821
1949841152
1950328397
1950503789
1950646502
1950697327
1951013861
1951015912
1951058078
1951281162
1951327267
1951337591
1951514261
1951592724
1951656434
1952241358
1952405472
1953206434
1953461529
1953532947
1953831222
1953881913
1953893616
1954411150
1954596496
1954828129
1954995293
1955419001
1955524718
1955610122
1955953197
1955954774
1956075954
1956520194
1956905396
1957046683
1957155566
1957625822
1957743176
1957762369
1958590661
1958635924
1958662626
1958833363
1959575731
1959822123
1960098428
1960171752
1960573685
1960685752
1960732793
1960773771
1960848930
1961371839
1961931984
1961951723
1962802604
1962888198
1963340974
1963347974
1963902872
1964072880
1964129112
1964178274
1964406011
1964411242
1964653189
1965132737
1965142510
1965148612
1965366415
1966005273
1966523201
1966651600
1966776245
1966941278
1967803235
1968235957
1968343052
1968682905
1969105646
1969206960
1969730749
1969944845
1970317172
1970385442
1970804557
1971099867
1971218999
1971472914
1971817089
1971870991
1972119853
1972345812
1972482961
1972548865
1972749464
1972805725
1972923468
1972987823
1973009610
1973407603
1974948051
1975099409
1975303061
1975431785
1975584158
1975751899
1975969803
1976177650
1976325557
1976374021
1976764939
1976823230
1977215064
1977500542
1977532419
1977643598
1977671196
1977718894
1977789304
1977974408
1977976745
1978031929
1978285900
1978375043
1978403987
1978831510
1978937974
1979225098
1979440317
1979462740
1979547796
1979554351
1979570142
1979690013
1979780387
1980111671
1980180060
1980400594
1980451164
1980470480
1980485610
1980613540
1980927540
1981212579
1981247068
1981306857
1981417430
1981439982
1981500391
1981823450
1981889951
1982028095
1982062128
1982127236
1982163161
1982368427
1982624132
1983084771
1983288381
1983834350
1984004232
1984209969
1984776608
1984789130
1984838768
1984985152
1985110097
1985220702
1985875787
1986102715
1986324043
1986460072
1986765928
1987272587
1987302603
1987410090
1987502854
1987600328
1987725089
1987895151
1987937294
1988170396
1988697743
1988710944
1988855637
1988870658
1988918996
1989042590
1989180926
1989447716
1989668682
1989719698
1989781576
1989934312
1990010517
1990070755
1990382983
1990679567
1990719424
1990786908
1990860277
1990908598
1992465629
1992954081
1992955538
1993338379
1993411393
1993546706
1993624240
1993647284
1993748360
1994168761
1994227202
1994283103
1994350225
1994533401
1994964400
1996145450
1996718434
1996730448
1996802339
1997152054
1997319241
1997747683
1997754955
1998028403
1998372072
1998737137
1998768774
1999130165
1999270635
2000274212
2000293109
2000602932
2001127638
2001128177
2001752793
2001872074
2001971385
2002171272
2002323771
2002501057
2002979568
2003431956
2004119497
2004517186
2004753880
2004762667
2004888491
2005302695
2005412857
2005905404
2005927820
2006194455
2006235771
2006279011
2006403393
2006407471
2006667015
2006722247
2006820148
2006973746
2007661259
2007707557
2008368385
2008395547
2008403176
2009172740
2009679919
2009987590
2010837676
2011166589
2011762190
2012132781
2012476282
2012684295
2012800108
2012845249
2013061265
2013221545
2013276504
2013748118
2013840276
2013924796
2014198642
2014252305
2014283934
2014356415
2014837596
2014951772
2015000800
2015029150
2015069229
2015144062
2015241036
2015254710
2015492330
2015847475
2015858291
2015980347
2016010524
2016065800
2016076063
2016155944
2016557992
2016699724
2016812454
2017150828
2017172529
2017396825
2017909791
2018201080
2018284032
2018446494
2018618044
2018619664
2019057868
2019182006
2019242864
2019316175
2019422874
2019642150
2019701969
2019979311
2020355911
2020650539
2020910766
2020945541
2020989911
2021209145
2021348660
2021371902
2022145082
2022299703
2022423946
2022997168
2023802199
2023929003
2024176925
2024791300
2026134936
2026329745
2026393530
2026681535
2026775680
2026823361
2026883808
2026974095
2027024490
2027046858
2027139211
2027216127
2027533872
2027596174
2027683094
2027746960
2027783061
2027863635
2028029332
2028061608
2028462433
2028606332
2028639752
2028820342
2028884758
2028885345
2028909450
2029422137
2029455217
2030574131
2030665188
2031002839
2031191010
2032312642
2032413862
2032483567
2032689706
2032757335
2033081640
2033415883
2033492774
2033674002
2034550752
2035129573
2035270411
2035608415
2035887533
2035976270
2036480187
2036750669
2036822352
2036879228
2036910655
2037408131
2037429837
2037575386
2037637269
2038139108
2038142121
2038313909
2038321977
2038693491
2038720368
2038762007
2038779735
2038887659
2038954602
2038976205
2039013440
2039124374
2039128743
2039319201
2039372700
2039440619
2039446104
2040070625
2040384868
2040397736
2040734256
2040903089
2041185476
2041604625
2042600874
2042705147
2042900679
2043185487
2043495346
2043669938
2043704997
2043932637
2043960009
2044176135
2044259322
2044362601
2045001388
2045161084
2045615010
2045707924
2045913310
2046204514
2046313840
2046717127
2046886060
2047011642
2047029980
2047403558
2047982170
2048306956
2049059360
2049087965
2049870932
2050159583
2050844685
2050909907
2050946414
2051007762
2051121415
2051336218
2051826545
2051892581
2052271612
2052783838
2053389953
2053583778
2053793046
2054223017
2054268125
2054294043
2054776813
2054793347
2054917868
2054932214
2055143074
2055170066
2055331283
2055412718
2055712232
2056058332
2056869634
2057004238
2057370843
2057507621
2057797067
2058007571
2058089228
2058240145
2059171626
2059248618
2059483447
2059533245
2059704525
2059773434
2059776746
2059881082
2060102327
2060192987
2060300491
2060321348
2060354167
2060540570
2060643092
2060760943
2060765084
2061058255
2062482447
2062752094
2062971993
2063146323
2063168858
2063634294
2063841265
2064106560
2064308682
2064483172
2064898393
2064956905
2065509466
2065623894
2066019581
2066131334
2066291552
2066330628
2066360212
2066586104
2066648705
2067032967
2067184756
2067282544
2067349597
2067469826
2067848419
2068219249
2068227572
2068382666
2068655328
2068750914
2068860416
2069266743
2069381224
2069387973
2069657677
2070049169
2070074766
2070320753
2071340802
2071461882
2071865339
2072011699
2072230039
2072294364
2072637330
2072731613
2072860037
2073260730
2073454653
2073519382
2073718040
2073776413
2073790055
2073953724
2074463625
2074688834
2074699765
2074938503
2074952316
2075089322
2075582323
2076029791
2076093553
2076294679
2076538552
2076705176
2076753850
2076904528
2077097895
2077100000
2077329428
2077552244
2077590036
2077596238
2077738707
2077743561
2078067220
2078210294
2078271484
2078303794
2078424901
2078459457
2078560154
2078766888
2078831889
2078874639
2078987328
2079401667
2079403481
2079475580
2079541418
2079702656
2079795208
2079895298
2080069071
2080099938
2080377613
2080404662
2080673751
2080946673
2081151360
2081233868
2081404939
2081624060
2081672512
2081713444
2081960937
2081979683
2082149325
2082207785
2082312740
2082618591
2083072745
2083721284
2083725981
2083827354
2084164579
2084176027
2084408127
2084409111
2084578334
2084801065
2085322160
2085328896
2085594709
2085737503
2085916720
2086261081
2086359569
2086401714
2086661770
2087006486
2087055317
2087062459
2087398843
2087440186
2087724035
2087872854
2088036779
2088566445
2088607941
2088702448
2088853785
2089518251
2089785048
2089789343
2090109062
2090330327
2090400495
2090523899
2090616207
2090869538
2091050251
2091143196
2091316185
2091614537
2091741703
2091888219
2091916715
2092249785
2092294060
2092389772
2092669568
2092710869
2092717964
2092755523
2093635567
2093748422
2093845289
2093872717
2094579918
2095018859
2095082275
2095256761
2095366236
2095417423
2095631120
2095701203
2095730617
2095831938
2095893868
2096143404
2096395582
2096779273
2097362809
2097659568
2097752818
2098259382
2098366380
2098480927
2098525553
2098724164
2099048300
2099280484
2099875425
2100015694
2100031004
2100321519
2100653928
2100815605
2100851058
2100937422
2100972758
2101476601
2101853438
2102452215
2102468472
2103382907
2103382961
2103635085
2104052208
2104212159
2104394839
2104579869
2104585083
2104904323
2106003716
2106071019
2106307213
2106413590
2106531190
2107031926
2107122330
2107293192
2107622659
2107731391
2108062095
2108276413
2108378417
2108380172
2108558739
2109174623
2109185460
2109203223
2110237323
2110481359
2110549676
2110597061
2110672576
2110823364
2111045813
2111335552
2111366194
2111568057
2111694994
2111739184
2111809898
2112383015
2112400808
2112471976
2112997181
2113278287
2113290966
2113357444
2113572981
2113578647
2114001933
2114043841
2114404291
2114632726
2114734033
2114908574
2115323335
2115527886
2115641334
2115734375
2116131458
2116331332
2116576034
2117115908
2117272018
2117284872
2117401835
2117630853
2117672908
2117738660
2117900220
2117900618
2118076354
2118168495
2118343944
2118395640
2118592061
2118939042
2119017557
2119134508
2119392165
2119405187
2119425627
2119504986
2119767339
2119983374
2120037362
2120049460
2120096903
2120133439
2120134913
2120167194
2120842418
2121007503
2121130694
2121714078
2121819187
2121852334
2121991567
2122178050
2122366000
2122487749
2122841405
2122907968
2123281090
2123635738
2124626187
2124917224
2124980949
2125028769
2125185157
2125411229
2125567545
2125635109
2126034928
2126059869
2126308971
2126530465
2126567194
2126641592
2126705054
2127114136
2127293431
2127835468
2127862704
2127885403
2128093854
2128108131
2128185322
2128193113
2128301468
2128951925
2129041754
2129054926
2129213683
2129248647
2129255996
2129461301
2130723861
2130761353
2130788531
2131397918
2131535799
2131607712
2131993746
2132006719
2132713984
2132998642
2133075173
2133163255
2133255754
2133780958
2134098669
2134163773
2134646233
2134685154
2134838879
2134855027
2135179652
2135356529
2135420090
2135625204
2135819659
2136725763
2137122380
2137644480
2137723870
2137863702
2138098189
2138131998
2138385531
2138692782
2139286878
2139597869
2139963664
2140157633
2140329085
2140856670
2140859105
2140873554
2140958621
2140964123
2141545107
2141658072
2142246441
2142708860
2143112386
2143221998
2143431359
2143723420
2143946151
2144211347
2144420755
2144539186
2144669730
2144682476
2145046972
2145141361
2145273264
2145317094
2145484071
2145635511
2145775949
2145868718
2146026222
2146298923
2146523893
2146826822
2146983591
-1018397541
697250537
1995166982
2062946925
1218518353
-1949929028
1800545263
1211632022
-1262755711
112189044
-1255200211
99716404
-2090936093
-1420891457
-1253230719
-1440147370
1985902933
-328503816
-1159136448
-655071731
-778454371
540511081
-1530814468
-608904953
1121447393
2142457943
-419627635
-2023376475
-239611596
-833181060
-148059871
357718866
1966526790
-1706112801
422964368
840006681
955360248
-727742685
-592760119
-1819028937
-1971286763
2136478332
1737580482
1411434874
-386354190
-576198282
-2101724254
-1109022080
-1399394289
764439294
-1806903284
571332314
-1340229817
-849081137
1470038392
1197428886
664048387
377781531
694839976
37263544
-968370123
1023494996
411166376
1942758936
685430885
-717413087
-886705693
1836487136
-98097674
1850120691
1422742611
206836062
-2056904224
961344878
-2014031777
-856587657
778602924
-1063658277
611848185
-2051298981
50143185
1165325885
72055548
916740440
1246176020
-1496264460
-1902163624
859045876
-297386470
-1946908547
1929731132
2039952841
-184391661
1370576498
-1410791013
1233921922
-1419931479
333955236
1002312354
-957483180
-376124328
462401898
-1178903604
-504970236
-708729129
1576116869
-353002463
-1809795375
1602188262
1375020064
89558813
2041711908
198225187
362292121
-1332340105
-2091655540
1841565718
1587589145
401534539
-1345329300
-670533493
1137433535
1468626315
-449977039
1752606890
1564893457
1070700334
-569064588
-733162182
301229937
-223027135
153752474
303937581
2040816495
120193933
1475798524
832858874
2061428050
-157174316
-1628729039
1218253709
-1187985053
-780071096
-202162614
1637738385
886956879
1967879506
-1792592936
1708846218
536014335
1025020682
1350177530
2030650850
1662086737
1525249332
-529809316
1570835992
422605188
195340103
-83899757
-1465490950
-1860745264
2084728815
-1994322604
215952592
-632200212
-1270866266
1990790707
-1450184127
2012112223
-1396409463
422051015
136839816
1400451591
565159500
751770606
1995891834
1590716748
755390518
-1955319225
-1313101191
2007840849
805143149
-1217055946
-1268894945
727479441
514393478
-698370042
459114720
1256408796
749461379
153799218
183558267
895326074
-1131417999
227583721
-1422454815
1108948578
1741392679
445061925
1305133454
-1406841522
-489311466
-922436339
-1814541728
-1833680268
312324559
-157752213
-726858665
-1137176217
-362068011
-1859411266
1477943104
925871632
-1925885419
1213766318
-556756560
-1690174843
107591733
-1537873435
-691583859
-1693937958
1522636689
1337782774
1752498219
-797902270
348449719
-1395198831
-2056722612
1386205281
-525641925
1340453350
827903031
-1138627291
-828569091
420689390
2048946269
807758601
-369885535
1475952198
-1482218611
73769887
1994484924
1530883850
222051347
1070050555
2119530426
-1768445177
-1003412553
1614879327
1165497596
-2000121674
-711112371
-700248024
-169325412
-1930832257
-1988335033
1031349952
-1163404373
1887673149
-442492562
-742527256
898694558
-1081780368
-314433180
1401104139
-152072451
-14311176
52742416
1840747216
1308910882
1924018920
1422211800
858275553
1037124143
-678508227
-1951080687
-2039336576
1342699450
741449715
-518085749
1340322334
1281914019
-1537949110
503746915
-77287127
1154041916
-1424831912
1031049432
-891951950
876702808
1689329856
1933910413
-233344381
-769575164
-887131674
-1262556255
51290636
2003393491
-773318802
285332308
-663311254
-569242148
69536257
1560425328
1497567499
1329966689
1826015637
-1136524787
-217239061
1858739801
-1045583971
1127834477
556056239
870174991
-1615463182
653613390
309398850
539872889
-1168883523
-739031334
846432657
-856968871
915839808
-425246214
996992056
433352288
1170088926
-518124404
568686551
-592186584
1236077340
1159352980
1447459580
428252449
1578571007
1569195799
-1553030081
-932603435
1670098255
-4958972
-494565909
-1776769146
-938024181
-1678745016
-1548648549
1011944179
1061921069
687076848
-1948383021
-2145940306
2145140546
-1981624140
-1053741043
-1247313554
-1108642516
-2123837190
-790124658
1658152769
707296760
1105655815
119660277
-17171147
1299488853
-58227870
645954156
1924024853
217600437
198500178
-1514053756
1271049093
-1823637540
1830235749
1367338250
-1856455268
-206757723
76165425
1910290113
1353540335
582319893
1041253346
-1760480064
809970162
1361437498
-2103838483
146183081
197510043
-1646521898
1218610634
1375093680
1589373701
-989927776
843094237
1044947681
940710788
804934193
715063121
-1497262486
2005931656
-132532918
1702087862
788039053
-894337211
1848469550
740757836
-1859036538
-466467306
-1696153479
-1075800221
1482259014
728387429
447424634
1720819880
-462668288
-296125936
-1201486954
1554431594
1035063098
-804103563
1601623480
-1098591770
-1660380869
-1485901159
-1505427228
569127882
-106810838
-318323779
615768533
-258315710
-375277993
-1687676308
-1597402803
-2063353291
-117085878
-2118567163
-584751813
154588333
660813802
-1871615012
27881564
-2042345897
-1181516469
689535240
-1390971704
475680497
199155151
-429482466
807400325
363068477
-1094061088
-949576955
1393717911
120679715
-34460833
1059569721
197804775
-854408044
-159518838
2100826795
-840236052
-1212937887
974168482
-51837922
872619113
-1772133532
-1383585903
-1238590212
-509710370
-442487621
-763558565
753747293
-2074023200
-936409467
-1480993432
-482830996
-572984167
1410330144
-1318319728
-1387773707
1428214334
328719261
1473336294
911492864
1132979744
-532393791
-1253527586
-1746670544
1380511290
-298743538
1448197484
75232336
-1190444497
-475659045
-1351489418
-196464168
-1177690930
433994679
-223832708
1683462714
-1765411343
810171917
-1992079745
-1706341829
-2134413434
1367060980
-795305689
51827143
2050285194
391924327
2084546437
-384303092
773795725
-810628135
663835401
58221177
-1668168368
-1925551334
-2139017704
382030094
207195621
1925475545
352637226
1887135809
1951421506
-521984898
433112098
-1003532614
-1670628329
-829392340
1121494613
-50695270
768502462
-699581241
687559304
-2027487350
2090743774
-359411199
825637455
-2126726189
1109686301
142441743
2092271342
842888898
-1573956227
2045241304
-371358368
-2123386451
774131197
276844874
1888829960
69947522
-914103851
-1671703760
1882304389
-454919673
1909321630
-1741597993
-1549590608
133775415
420683189
-236437094
-140997607
-1778790929
-892241435
-1721549859
-495102879
-1196741138
-1386443334
1611878286
924316903
-1063949452
-377425511
1099684661
1144702164
-869314450
138285302
-890271978
1565827392
-1636150236
1706558956
-1804817330
890282547
-1009483012
285536319
1455120368
1221851180
-993746238
211762517
305019509
203252187
340177793
1844775099
-1543973483
-1840466524
-1005771373
-765209364
1595303264
-1338785926
-1020454094
-1197023916
521855862
118174409
1062117103
1372542390
-1078463329
-214218426
950540110
272796962
-1143769491
-303328755
1957003614
-83012201
-1661152213
1517273653
1893268754
-220833965
1976767742
24367226
-1177198663
-1268273281
-2028394439
1861227311
-1027628240
1210237402
670833376
1828527172
-1186246081
-1590356389
-845482573
861008937
872875880
540964884
1328419431
1533846514
137634537
2063124287
2010172891
-853210538
-367166096
-2108257416
-2135317308
-2107021471
1704138171
1488691609
167987812
-916216241
434559849
-145196997
-1263485695
569604334
-154085889
579969529
-1157421514
1715955409
-440275190
-1813306277
-1355427372
-495836851
-1191953844
1325394529
-689722703
-620435557
473475797
1206261962
-903698522
2045307689
38848338
-1363886908
246385227
1046017303
-311017691
1232911332
-1058701819
901281007
842479715
-686254982
1116959732
-163313470
1463661436
10487860
1977485705
-176755116
-1121522802
-500328512
-152545115
-823186605
2137471738
1630892328
-1765340384
1728289777
1329027770
144417962
2010942972
1137548413
-169065689
-1792476724
-1788100343
-1635833432
-1721215545
2145460900
1937624622
267547044
-726528103
-1573251686
-2108609626
722559069
156164893
1871370321
-276086448
8071037
698505525
-1055334438
-1975578614
-363045279
422580274
451620632
-1579404288
-1382078503
1726293860
-1418738090
-534299443
-1408890707
-1266818980
-2052681794
1341075881
-1593983992
-1761184842
1283220570
-1306522798
757367214
-69501715
-62384924
544675954
269980195
-446320390
-1175227417
1771486288
-124314682
-419371290
-1316983448
1019566660
-1063350767
-760666799
-778330497
-112172605
446570277
1362013516
-1079128495
-828372566
1431461039
273038207
-823826517
1336697970
2088118234
-1798142055
-725312916
-1228529384
-1021212218
1167407336
233516455
-284207161
114213767
1219765272
138069943
-531574520
1936299931
-148838009
351594582
-370321276
-1895629427
-250552646
-158346244
424749515
1700205260
-962044500
1127125105
-2061446801
506893890
-1270021371
1796406035
1763583843
-369719460
-1265309545
-1811683909
-862592777
-1732606191
-988070544
527213576
54231748
1839503267
245470581
-305592529
-172588664
-1327154271
-502508887
-2065657030
-317685757
347189422
1138590569
-1003763842
-806674411
402585512
-973594806
-1537687751
-1369332071
-548593303
2070447597
-742284639
-1460814865
-2121725315
-760917409
2146794033
-1817921398
-1727969369
539200271
-1315915920
1998544388
-1074447036
1580468173
-1796598841
-1847141771
-873316593
-1516554544
1752575174
1106756769
1476763881
1200632182
956710259
1147475262
472384642
-1341680341
1038877111
1732074291
-607574600
1893576246
-1284779615
-1968169226
1310946131
731958441
-1725283819
1820316050
1437561176
-168781086
112343281
843467250
780518077
-117298141
694457149
1152875281
570493077
1549076316
-1818061771
-1125892376
-57638783
-1800208395
-1793676320
150468575
1653628457
601378033
1201600296
-227644878
1439631344
1235613565
1477943121
1246677839
1239640388
-101859971
398397154
401937994
-1553105766
-852853972
864014758
672808694
-1759346039
1932341604
-1212428769
-278485609
1917167017
1287922062
-1297410992
571687874
191004323
-1165472380
1504505329
-1815617053
1408205118
1872535416
-3297056
-1959976284
1680996797
306364027
-768519097
-937194612
1680538973
423208646
-1947241297
504039839
-1354286963
696055819
774919758
1369154976
-18831797
-1840954734
126832213
996967163
2090992462
1199234276
362456864
1447376937
1930503428
-894038559
-2041488887
618973970
-1228395140
-1420380602
308998565
-129703958
-444508776
-368865131
500502768
-1735656949
-1051140786
-146378604
-1512672340
439139598
75022054
-295303672
427350711
277844246
730941376
1238990386
-1804035925
-2130034426
1700030311
-996769372
677876154
-214975470
-1076024545
-207271110
-1330745506
2072268337
-1638212015
1087575682
-228371147
-1994941123
-1872694476
-509241642
-1951220031
703222887
-2079901631
1993717370
1736450327
1072924885
568765708
-922901503
-824802225
-686607204
-1423593413
-1215313112
1882324048
-1146354954
1796343616
-1078464032
1675712176
1479047301
639928239
-344309039
-1391435413
-644048029
1349983132
-990821990
-315281547
-805689746
-126837561
2113480343
-1780988142
-884666877
-899225036
-1748510392
421015951
-2124981824
-1526166436
-41621755
-1681763354
982918517
456002442
-470889749
-541678328
-1003454825
-946748345
-374795489
1575602549
2074346450
-1813965820
-1970354490
-1159295274
931503887
1735459342
-1333421936
593485512
628735829
1497904511
-825253476
-1209260250
2076137122
2098806312
108765817
-1137647923
1755532162
-375815512
-1487782090
646130762
-1133563445
-1845290134
962152131
-852829658
-1217835488
-1836114441
1255097289
933458751
1900832239
22606723
-1604793349
-295107928
-500948069
-98527509
-805035289
-1620338601
-1794881293
2108198682
816564581
903858427
2122300173
-1346954612
119678193
52021725
1273188266
-605519537
764460198
352693571
1436848421
363633940
495637508
-1237962579
1028091540
1769023293
1094715934
-1589733413
1282854150
-1734907667
137238949
-1356604122
1621775645
1976355699
729964004
626240905
1685394585
-1769899521
69380733
-592321559
464950846
860925052
1743405338
821256709
-709078870
-2038620167
-628262605
396993108
-1175029294
496859059
980924545
1161350599
849293074
-340161110
1690190571
2009799984
2110156
-1556040863
1522709287
1215744365
-863809329
563234886
-1256321495
2106268815
577017166
-1431328194
110154454
-1876293549
1794299855
-1051642510
73727953
-1997359671
1306825127
-1413478587
-618733185
1571043920
837982206
-1981529010
375203216
-1325949540
-546629641
-1862638206
-312543587
-343092648
-1452346973
1238962371
418956772
-1299668283
-1630065784
2137271634
1544912002
-2011636836
1246145121
2059924544
1070276503
-1028659436
-2000069674
-1811256251
-1604486773
383850389
606723126
367730085
-48081803
1374893742
1814528898
-253009798
-760441998
485891246
1973330516
-1405192947
-1721504412
-193773651
-747649928
-1054132836
-1000533548
-537153642
-562200800
1709497327
1344574382
-1921968876
-1072071011
-2066292880
-1828185532
-207538066
-1040921799
435893124
-2069735546
2134461508
-179150418
1266182474
1457722343
-1789998574
-708637584
-1289233597
-877049112
1269188214
-1668010349
-592964465
-1894886653
-1991279796
973568818
2065667720
1331333439
286224146
1230131156
-1279735973
-917069221
-135411269
643075920
632924835
1952733838
1947189326
-1322685136
-259547373
-2115106612
1604419375
-1893747965
694812106
534797040
-1163978973
-1648665161
-1029270662
-1956216366
-296568459
-375081564
-328909350
1220601549
1555489970
2078035397
801955925
-2083397181
-1185526058
-1211444596
-1153523928
1129948684
-2001334462
-1355677847
1643144545
2039353191
849039337
-2081952664
1193307516
1048466234
-1949046139
-1181627214
605920506
199705231
-1002291869
132072933
37030041
1809066259
779489970
731006594
-330193332
1245014027
1161403881
-1278546934
-1375442443
117110722
-1851909810
-1457676672
-1365130440
646408313
1772025
-1145894606
-1458545118
-2103524781
-154927157
2078941786
-821087977
35852876
987823865
-1903923459
2120114059
1128187117
998221494
-1704505984
-979838113
1536473653
-723318044
618402311
-1617774953
980417037
940929417
1855533691
-715786208
1239528591
484901578
-982372876
-924740630
1076066040
1148480549
-1113622982
228440309
-483959104
-255984382
1714334511
1427586097
-1246636960
150927226
678613554
-1789792682
-307106111
544238322
390039566
925494510
-1919087234
-754565633
-371171892
1037035165
-2109963440
1354355188
-312177935
215849173
-565626392
-1073723424
1093050657
120400017
1424600717
-434717186
626759678
-454277049
125626660
1327592641
1266639533
217018154
2097899159
1464243733
-1514104911
-763138525
-1123633211
-428740439
1280000116
103650670
340896439
-795616875
-1662194138
-2129989408
-1489629741
1765985357
-372247714
409244228
50578501
-1104004425
928747427
-2054625450
1444575635
1387933710
-71299089
2105398880
-1290603813
-274127563
1795535429
-1782300808
-111074034
-1922263315
-713354506
831375493
-819594241
196957912
1086280200
-1644148225
-564412159
600285954
2032046101
-784547557
955392350
588116471
-1177347187
1033840323
-225056505
-615682830
892662921
-952407117
-234639319
241272743
-785966791
331901386
436258306
-194481320
-1275626029
-979453140
-2071260773
-1812190416
170915411
-425837805
879401173
-1601847811
484501564
536592241
1522822785
-254540134
-894568687
-1500701769
1932700269
830214811
1842649060
-2121042103
-1803756125
-595166063
-964104635
-1338380393
-1104951452
-418204031
2145077938
-870551395
553836356
-1043987231
-177488034
-1687407330
-190553925
-1619458990
-945001428
1967799755
-343407960
-1330634918
1067477471
-442719641
1048840007
1157772884
1313061972
-1563475846
-2047547444
118979128
-1360682673
1457428068
-423207374
-1408204999
185530917
422838794
1317581775
424555045
-1500345225
-2046543815
-784002306
1284724718
-1128506002
2062855136
-170702419
-1656229199
1230878786
-1953527585
-2064286511
-477873410
-675859996
1450279812
2101533257
606743539
395927075
-1733047307
-1304465906
-472815940
266691551
-1633870476
-891638002
1662241165
-1685441912
-585494867
399636927
1781651857
-106303355
216140205
840882130
-1783438153
-1578497652
209000451
2076585833
393390788
1694159447
-2077583171
-167306600
183651712
-460452847
357502615
1200737905
243212668
-1597712106
-1381270138
554097837
870687166
-2096038455
-1507370193
2088653007
2088939998
772998089
-306167977
332854072
426474995
-534448476
765762353
-1151573455
-1026511687
648272195
-2115464238
362361906
-188327770
-1389087243
729674075
1898228540
956665081
380891421
-128877537
280522465
-1211911441
34910508
1177656083
1059932665
-566270258
158398440
1017188102
-661894115
-1480426118
819962177
1910182629
-2000979213
1085511013
1027439942
880007049
786693595
-1070793945
-169036561
948075498
-1717332510
2067679798
1283946141
-1503758575
-1194487915
1145378200
-1824583853
-726030903
-1070291419
-1992839458
597648291
1145882608
-1786217495
533627766
1685132891
-195656556
636514590
-918762176
-1025954872
-2066612584
-1045694601
1533777624
852353629
972348889
-309414315
2043929500
302328598
-385907381
-1238487934
-1272503867
1055625139
2095067992
-147976534
-1304281197
-958076520
1545452174
512538101
1272050652
1603574503
826608273
-521561110
1919400366
1564264404
-279667702
74059100
-397169367
1499549951
-834614008
-31557089
-1009742572
1127885338
-430580113
1638257735
-1546502082
1634267266
1786748425
-948885412
-773032565
1797429949
265812201
305184497
-1013137125
-1256207571
1788493883
-924299487
-1019368669
-1967805849
1304866670
-43388259
1651766365
-981930287
1460505987
138344609
-1010338646
-916244379
56532341
1740429023
1478962145
-656030160
-1498588629
-1624491449
-682180220
-1523156650
-224640258
2078981422
1648693066
503343636
529082509
-1634312388
717369711
-1131924353
1715673208
1992117377
-1130267656
-155862312
-666350092
1029898890
-2036326210
625072829
-433226609
-698753412
-1256357224
-1885271289
-737930245
-379267379
309340341
-1814598474
-1245045488
802265190
-878070427
-1936869575
-686071023
961588440
2016076486
1452246658
-461721544
-1491867853
283588190
-840800521
871749291
1159494037
196382032
-696407664
1793761831
-1834370564
700372035
1304567129
153124024
-112392804
-602137675
1431188625
957190202
1947746997
1569365465
1543088071
-319744662
-1697879246
328635528
-295887345
436987445
1406766835
2138080856
-482220709
206407453
-2087258837
-418834767
474641433
-1852427021
-1820058018
-191808463
-85043900
-1441543060
1980502086
-175695739
759173628
866451298
57194093
-1422551146
-1010170174
905355697
-1951753151
-325796904
-583211193
1148911786
-1404360682
-563972809
-91731770
-235794285
-24350466
1326348396
1921336199
1861057549
-216268775
-636413148
1089899571
-292182231
-1290734667
1688847921
1713488287
1436427482
-100135511
-901807986
1644310419
1497031313
987963430
1519775555
-786799271
-1969397296
-561335402
-78006241
-534660277
1815255190
-1180413314
801021465
552416810
-737934491
-1519667408
-1036664083
518995964
977209121
-1735939948
-1255440549
-238178397
-1343992395
-546968716
391938756
556063985
299416945
-1310865282
411635925
2102255087
-2010349698
-836318843
-476970550
-1521175591
-898104254
-555760676
1348555845
-1954726444
2105579007
-2110356356
814056991
-1100296802
1554364797
-1958731446
1150391195
-263152428
1755286676
2142599544
1720689455
35672148
-1688072877
472830065
1939362709
1686028898
-1146586537
1190918129
1848350918
1106495556
-1913136075
1487587190
-1638563452
-1014573890
-570254130
-2127338857
-579340138
-796417314
-1198265260
-950739164
-1700354480
984678852
-1721198042
1603920451
-953697425
-1995807730
2069544621
-1113221702
993758844
1160673352
489548260
-466904481
-1379580722
1409757479
1351806636
-1378582604
215648248
211987400
-172783344
-1796024062
118354433
520506070
1617734851
-1605240968
-1718528741
-1531452009
1842289411
-91797643
2004065943
1340776651
1928776320
-1057155432
864387837
405277111
528887970
-1898838834
-1578396499
718669780
1864332836
-1342712307
1741629485
-2104039493
-1270024473
1571769902
332808383
202039569
1937353171
190173595
1933949445
-1989086578
-124909148
1379425491
933028291
-1121298673
43223712
-1406220533
2037474780
653363183
536450748
521133307
-846531566
1531050031
-1003343462
-303979707
1908973019
-970550273
-662288605
-151099766
-1811348876
-2131513828
1398225791
1431678023
-2008954624
-1025548680
203960221
228498952
-637061501
-1410844394
331042163
-1147949772
-443764260
1295969455
-2132192779
632606860
-1530571955
329000374
18967607
1612833008
1392800713
2037634572
1746329867
1748104174
-840805807
13470287
-426262464
-298380069
-1578075055
1375619479
1000677065
-2099490630
-1496197509
-614413818
-835002709
2042716226
-179320448
-886126953
-633568893
1566323007
1529314167
991083655
-2075664939
1926754522
306081301
2024271927
1572625227
-538199071
1928206853
1457178290
663493333
1107117062
-409921674
1155589141
-290876593
811170565
377536588
-1733044483
1843614550
235088808
1858364619
-621700856
1104179161
-908707786
52448252
-469353542
1301965338
-736344422
1983786840
-974863610
1569235515
966563306
1235231101
240625224
2053199789
1598437346
-742356102
-2056608516
-519560942
1978546763
680845336
-763469862
-1520407223
936328113
406122388
-850978084
-1462679853
-1410274032
631997076
976983713
970497553
-253492626
584544636
-2071355965
1202727773
1829941638
-944750553
1413359168
-471320717
-1914297591
739416307
947226851
849342635
1658205943
-1035129697
-185554001
2106325429
1781726817
-2011989069
-2041479365
1931656862
2131848503
740804601
935330676
-1686272208
-204146827
-1689794797
-2050532540
481782837
-272018732
545984025
-1124141102
-613364897
513695943
1183302578
-696816593
-1815141478
1580463301
40236008
1701965273
-121857644
938965210
-1293966340
1944321722
-1977189412
1606273718
-1782488846
-2014290110
-1303739860
1164741772
1294837827
947534639
-1654858497
294914436
-478695878
1827100027
-980095768
386277300
-955416805
-1638078603
2132382123
1098629788
1247081791
-193037437
1806049066
-2142457919
538870554
260129262
-1707031748
1155755550
-1070387051
-225252796
542013502
1045013141
-961064001
-563613177
776746332
-1784224772
875196204
256377966
-515881621
1996818649
2135694711
-542375708
1184916849
-170148561
-1121465155
-437255926
2112069718
-518049618
-1545455641
1739827883
-2113967356
1601453434
-566294449
483373775
790474597
558476795
-368986278
-1039964487
717559444
1457173986
-2102711716
-1920038453
1491495690
-848924856
1475126000
780252934
-1394204891
-1780858733
-141287063
1346307890
1419141523
-1747310794
-63979853
2107907648
1780769686
1643027288
549643600
1287320777
1781851288
-1006231758
1919299887
-170966563
1019498254
377797843
-1955284313
-405940115
-1889818832
1354007793
-494396812
91569701
1948511824
1256395233
-1943489409
-1536080567
993019718
1426707378
-584589724
-1613495782
5812168
1173415760
381637259
-797409428
1529952931
-369781413
1372879683
939789180
-922790278
489869918
-952906599
-300823753
-1633552923
1349464032
-1786495026
218070858
-880688398
-100565595
1132176885
-747956261
1903073653
821391000
1820674528
1809463105
-851497316
-870441548
1114966892
-383378494
-1298910357
1452385939
1785456407
-1580101010
1465187800
-363221905
1888352185
-228991488
-1454204259
-1111934929
-327144443
-1392579544
-1154339508
-1472617216
-47089139
1262621400
-1464238961
857907321
1079190437
1147151354
-1590386274
-1869563660
-851118816
1904995596
-1654541320
-1467365413
1366688404
1552666313
1991496810
-1286783825
805020894
-2112333075
-1994614883
-1558151595
-760008243
-595339317
-678251601
-29943905
594305439
679685360
-1041639536
-1227462387
-94976187
1037024844
-1059077131
-1334150581
-384541856
675191923
1954039330
-1782584978
-1442358445
1413192341
-1963934291
212446718
828884250
281848167
63607818
-982925980
1811456826
1915828755
-1932658776
-668022391
964526484
-619642635
917541855
-700102115
1092477751
589055185
-368477835
-506417589
46632433
-1821587451
6414344
951669151
-251478639
-1252828871
-1591580376
62651967
-2103669172
-1840211726
-712907990
1272358724
1712297502
-1192829925
-201348140
-418863651
955823939
-986842829
-1213599452
1817031283
-1740864913
-1140846107
-815770853
-920955253
1579229664
444506099
1996979469
-1341637430
-1621365959
-203815888
-1496746421
1162043319
-1513730538
-154889425
1772678842
-1911346434
-1941707363
1410732853
1179384891
-92715743
2114310405
-600235551
1764853929
-1242423443
-1125153380
-937471732
1591847662
1873191697
-994324533
706911628
112170942
-1384953317
851912506
2051340362
859532749
834630022
567509566
-760623729
-229753741
1648117374
-2041430288
101608130
-349592793
695104045
910724038
-908856628
634139299
-844887712
-1290583146
-1311655493
1912797327
531062380
-1084464277
1870196285
1979951865
-1875733773
-1126276418
-236687147
-924421396
1052530646
-996160866
-1994488952
-1017213837
998951487
-344334710
296183091
-553832609
882643706
169970236
62239331
-1888754744
842357021
1945031370
1462793708
1638890376
1112414059
220074415
-1251741201
-80065598
-1311310034
1559047816
-412351389
-948015747
-1915485806
-12528412
-442871039
-266116340
-1732583017
-907696641
-142335864
-1377590501
1023061596
688902705
301717226
1708185222
-124710303
-1260443035
8612189
-620982424
1220335730
176653276
-755777238
-680073046
-1862645710
1268004853
-1802402772
-180670872
-1209146283
425483143
1682356466
1984067927
760902345
-1267431568
-457491388
-694482606
758701589
2012924626
-519504344
1958370016
628406582
-1732792678
-1809251683
-1034678619
-539770747
-341674833
2039738817
809504219
999293585
-1393743008
-1317181654
-1844675127
850899132
-1874176478
1701247948
-491252251
-1907907795
-1017526122
-386506643
911870653
-1336676976
-1902959682
-1273709913
1329656495
1904501384
1603173747
1707520138
-665223603
1757092710
1175036605
-865546082
-526074644
564444954
1941791462
-877496705
2004711131
-1132860001
1834172700
1104176368
-1093944271
-204819838
779704088
-1139450678
438312039
597961065
2022327516
900938912
764139866
2010264687
1723580315
-117061535
-1458059881
-114381964
-73042163
1033090881
532217097
-866525380
-353356192
-537307694
776016144
-1780166273
1523847873
506852140
514204849
370260030
403103773
503024603
1834512733
148086688
-291935206
-1549012226
1984074873
2145754563
-1111271533
-1826388178
-1443007322
-12319053
-662773604
-511421602
-1009851681
560685273
447263293
264592620
1361628779
511464394
-577585715
653567858
-1704670306
521193144
1453974409
1425712656
-245055366
138575634
1715949530
-2022499263
-71775009
2067962283
101579172
550757792
-1410728216
94004452
1428450552
1564265760
-598911899
-45292087
417772081
1121262405
-524029233
-1938961581
-1991487491
1900675837
-49742535
389231250
1173050059
1761289091
1642385755
-1793439540
-1533856710
-1860227616
-624744563
-910405041
2053652435
1998866225
-903237244
1467025658
158384085
1671552569
-375716248
-417920466
-1483798269
2106021943
-274283494
-1957986407
-529937519
-765189623
-219481812
1980503308
2128004184
-888541484
-798469069
1202028601
1028846829
1162768667
-1953633213
-724129802
1748030857
-1286770341
-1366158976
-701823658
-1208370176
1767007035
993940142
-1724158521
1663927496
-94409402
-456948054
-1756195651
-1375575713
46980768
90951894
-1673344476
367281725
-1612233150
822517193
-669652211
-954131054
-1760345642
-344583675
-1753132401
-2130471297
-993222151
-203617837
839145707
199410179
-2111134827
1250614531
398192350
-1195737976
1979983069
1768936378
-224413118
-2139518976
1156059682
-1525863975
284099973
1353276192
1809907684
-256252365
-170476831
-402355937
-708811264
1986174182
1689049599
-1699204121
957635527
-796181018
-1047434051
1516414809
-1881366081
-252864537
637456576
1086911840
-377348151
-1324537982
-950204326
2109774790
-461908783
-1471781328
708388922
-1851076054
1136051681
1855633635
1564667135
1348225335
-1994814217
1224311501
1163935669
1454820317
647039989
1676972490
845417255
1247021666
844534934
-1526493035
-687800761
1234665712
1272299166
2116445741
-488306291
118514868
1760831646
-1515916607
1519362792
-738729973
-1654801539
-1937984069
696795751
-1940461109
1253072302
1309139320
30508929
1718501000
-1448888176
683573349
-480548631
990945603
-1194899223
719922332
-532495186
-674914006
1160324196
-1697174083
-751950210
-577293392
-1014550722
89381229
1724755639
-1810945928
1456450361
-1945795629
-812068119
-2095452523
-983192330
-2097571575
-1204662250
-561777229
1304417351
1178479174
2028767429
-1806584368
-2126481727
417064767
149014695
-817866993
1792670795
560843987
-2084705202
-253645010
-1275728594
200404083
999640961
-1764648831
-490264158
1685565850
15636767
97475860
-1605157495
-1411506782
248935917
-777788383
-281915074
1323902188
-1366941700
1929070477
-868358510
1210746037
330435485
-1962762740
-1317440214
1066538535
858678226
-1585304537
1589355448
1984955532
-86611110
1072311348
1014051654
-1860270811
1305128112
-1453366524
-1793868476
9675345
-1607822739
2086994257
1615199936
-1733164733
-384542614
397156604
-473250425
1518475688
1456006768
-1836216719
637396457
-1106977040
147444358
-2008370856
-946834718
370458251
598952207
673476456
-1238798128
1444752241
-714618654
-1419628397
718358108
-1814587968
452838423
1458923064
-458299548
1055536247
-1773233726
-838746685
-643448621
-567736867
-1546807424
-788168717
-1389537171
-991702661
-389368960
-528937038
2047019678
-2015628335
385782643
-508421778
-705506507
-1412122651
1131810683
-1013295577
-56683962
-1038201684
-1703035775
1010414595
-155209354
-83685602
1090909468
1099298372
1901934132
628667223
-636914903
315962979
430101783
-1955760792
-1159421567
-1326516996
-1443955796
-1862554427
1616865355
-1796304920
-124002325
-808018544
-1080868780
1576469135
1362231187
-2058515957
-147653947
1573930777
-678493367
18111022
1697294492
-796574557
-1765471282
-1702070856
-878938970
1369164483
8436634
-505122529
-1623913960
832075829
288566343
-1277318752
1725175952
-229770817
-1086452505
-1372730080
721418828
757191636
329646934
-1018967186
-250921604
317344953
199433474
-1701185080
-1816810913
-1415868417
1518904024
1182590745
-1381877776
-1857634644
-495179282
-1374422747
-944724504
276665686
-180504090
-976596222
-89904909
877041938
1801131395
-450976842
885522378
791997225
794931977
-1311405399
30577683
-902304080
1879934274
-144214779
841266609
9069593
-398824677
1569686329
-1060064391
-1155927797
-698146808
-229359089
-186028838
-102815277
1673100029
-355925246
1057630348
-741911481
-173198830
272800343
1983576761
-1077943899
-1483027657
622994976
-1138063397
1122404165
1007373771
-2143315410
-354192683
233822575
509075887
972918842
1244582261
-420204293
-1998700977
446329657
1621126675
-1713199318
-1462778363
-545211328
-1721212554
380823035
206309105
-1465919016
674306546
-735415755
-1023846321
-240110250
-1004175260
-1328949969
371863944
156812173
633766570
2090936068
815177142
-999950649
1293736380
307038794
619763771
-1998163390
2081970153
-1712015642
-7934067
1142182954
1615777552
-1570977058
-539204181
-1323655914
-1852005361
-504962063
-17156911
-1917750403
1910494545
1312887096
1320032460
-1868442006
-255258061
408097457
700638936
-1286780710
1589224574
-355285117
-2004027702
-74652152
1820430618
-1450117360
246333404
869672412
1406429321
-273485463
-543354932
452585936
939746446
-872093502
-1627128271
-113017855
-1086396645
1928051872
-532170206
-1835859657
1757092507
63514154
594248379
2008707919
-773933023
1290938840
-1789291989
701535214
-1200687626
2050653581
-1608177898
1722519028
621177572
-1706062330
-1484098027
178307281
-484769417
-1667754004
943936448
1761732528
-1803382774
1185811651
-2140992104
2018277179
305836024
1095936630
2084520780
1186183848
-826843294
-1214797038
1519278069
-1801066499
800787646
-1696536112
-1488871418
-836835080
-921199003
1873418621
-839749614
876293530
-922058582
1076977316
893242572
576948907
-1447586864
-947188244
1593064619
-781857431
-887429127
278663669
-1546592670
-1150206953
-847080008
276864724
-975925562
-378966594
1722714684
-1648773308
-971101294
1657062000
237920237
1804424820
1524929800
-1039419311
742067240
1272061377
-162221034
-1950934345
567460563
-1860162463
-1815431902
-1792141959
-812654201
-1523628083
2081777490
1903514859
1530480052
1045521615
-1860608243
790136017
1506793919
-1258563860
-665089385
91806087
-1424258181
-1051667426
-394339714
-722229159
-1086318934
-512432046
-2033713159
-1845528225
-1684840859
725804240
-990791821
-476991943
-698878374
-1695318449
1845127353
-232200445
722171571
1468534766
-2054659152
753852493
616870243
-799368529
-979396500
1543726316
118315258
-294803767
-461261581
-1929204198
-1714739198
-1078863739
-455674133
-858307252
2064944836
1846576912
390017563
1836174754
-928458945
-9555892
-1068635712
905321910
65040216
-2142982583
-328173246
-9859084
973897626
46437042
1046285059
-596654821
1883910819
1547812386
-94143684
-626196369
-2085355554
1301555802
2033030605
-1377420652
849354783
-905202815
-796090630
1442828327
-935420085
-287845986
-1437461207
-1871958599
-1234233866
2011726452
61294472
255202774
68570250
1979825497
-1444882987
-743055651
-1822844724
-651620510
-1283169752
491235884
-972407981
-64811469
1127836133
2108252549
1593385565
-518473398
1480603292
1518863807
-1714788115
-1916703027
-1117881865
-344552030
1262164602
-695512364
-2045870615
203341056
-99266619
-871149151
446567798
1601417657
-1090387596
-1751817944
-2111146804
786935619
-475611691
1206782834
-544606328
-196781437
-929470610
-1493717166
-452241491
-1157861708
342315649
1713966881
-1963541857
250285910
27411629
-1053751406
-1392012305
953365302
-988042768
-51895606
64383491
-1835674485
1048916949
1024467570
-1379568791
1993795616
-355743293
1182256430
762848875
491758969
1874114173
-233668209
1034663492
-1053844700
1225315907
-1403915241
274772408
2003347041
2028775617
370489951
-1697021289
-456725815
-1995375086
-1002337173
-685570288
-1237193237
-1992744928
655338848
512123220
-108016748
-1597689015
-940481556
538726093
-1420661295
-1650022495
2050365983
251545274
1798377806
-1527896879
92266134
-2051152538
-1079822700
-511904172
-934848736
-2061393220
-426525574
701489917
838119293
125366576
-39534715
338561730
-39363970
1514098694
-1492111674
1692325924
-2015640023
272049148
665651589
-1492396740
-1049112210
-93392065
-2075283578
-1055880409
-611478389
41142993
200723652
-334319562
-1649972723
-498199024
-982433069
399571061
-1155824363
1695056374
-1383070972
940390813
-1954404687
419613893
419206701
-2065188926
935264941
-1658148648
1869224046
1332362333
-1888766265
1026699375
1413953042
-1834244652
833952689
-369764599
1192437757
962454018
-1321341096
461647442
593432566
-476229867
-421139770
823195503
909747961
-1321059850
595544846
303999386
1162044989
-127589422
-66823653
-172514422
1969015981
-209620669
-1214717626
-1234560687
1582614647
-1507996554
356011175
1096991198
1191496177
-667272693
113308740
1246693985
1736143244
350131599
192696392
-599149541
-914366916
-1597130949
-1136752035
-82864360
-1597226752
-50614124
588638303
1165561620
-1161900786
314166622
-1135757779
824831818
-1083841729
-1137614572
-1504824532
154993030
-1044731768
713614895
-1593629559
-1136751374
-1960401198
-1820967069
-1114896431
468309265
-193427520
-1833451193
-730868156
-1841359388
-1378709286
-726763366
-477499989
-547748125
-933970488
-1913212418
607827470
2017813756
140593750
-797412274
-1670870785
828947034
429140440
265738284
1841544065
1666243453
-973392240
-259394461
-2135557228
-2074344760
-421167793
-333469761
-487720113
-493554556
-1933898031
223596128
1152670859
1698984352
1903606711
871346447
-744500557
-1273246636
1914194619
1930240507
-7876954
-1533029691
1783462842
-415664237
-23419081
-283255744
-1293919593
-1952492223
1911616379
-576291592
717746768
1036858025
1059636167
1310309576
-1164194758
-663403445
-105223347
-25843543
-1510789937
1630270923
1329537663
1114380736
-1554064387
-2088643025
553622218
364585817
881496447
-1761685793
1671941633
-1426813794
351831340
-1448775446
-91086776
738366021
659469946
933532923
1563144204
-1113943695
1490022635
2026754369
1423636133
-963794565
275072507
507258804
-1537078007
1632351450
1435207223
526568719
-1110678017
-1392461961
969710386
1117459788
-2001211637
-136425668
244335396
-450926950
225388026
136542644
115781598
1011388432
926018312
447522712
-885315794
-43502688
-1945339438
1443086509
-1623121143
2120617508
-1016785564
-1935488139
755583883
-1435266780
-1058718092
27151773
-1598437053
-1008280062
-507531373
1829731862
-33905622
915563669
-750024267
-510985379
549678525
-2016497773
-697745355
1013235038
454230807
-2126470376
-1116616242
-585948362
359213913
-636119821
1087411782
-328417790
-1494102441
-1986530381
849159576
-1366448987
-393794277
-1642405118
639700772
-1325121252
-1473654761
-111143733
841311720
1758868427
-1989418773
-268046154
1029999744
481829506
1579597131
120624614
-747092926
-1400894023
76554682
1194556311
2090381734
-399482606
764004133
-1049868401
2032304752
-360456079
-830431465
949174616
420015400
821296792
-1567400927
-143851486
-609954850
44682200
-273304258
1952870404
1397804547
462267563
1198906748
1396268002
-2060267049
900267045
2005731810
-1738987977
757357698
548599676
-169214711
-1906197539
-501670632
694727578
1765025632
-16506572
909798817
-1483790691
-2248028
617494337
-311599344
1956247381
-765885632
-1388908673
-1734206382
1715567114
727047618
879938052
1428060317
-503850286
1775374253
1218078287
32776784
198839237
-308216737
-1266782137
-834166626
378951613
-977377293
606907570
345512272
-737756753
254941352
-54036625
-407817865
1807215579
1728313351
-1989822396
-362589408
-47705197
930795621
-834358194
41163608
556204294
-406173965
-1185392029
-1875051163
1059013757
597355553
-727480792
2008035470
-106626136
1273619391
-343839611
591601830
1323538584
-1927395014
-636288960
-1824571628
-1363284481
-843093890
1197928280
-1576245276
-273348360
121147939
1479376503
1449225999
565200515
-1600823945
682453190
1138253658
-1262120858
-100740914
-587550063
443044262
-1827304578
579120436
-324689763
-417713405
829758027
-145322763
1257701914
-1145848763
-487139555
-1779422342
-77959462
1275284535
-1958543922
-1076632210
1146450412
966106131
147190134
277295853
-1476995266
1887021654
-1788732496
1463661839
2012767903
-259413163
-1100269729
1685924066
1760538147
-1981021263
1741877571
1318050452
-25847259
2032264540
-1746003586
-1296321805
-1386252120
-1726040318
1516311280
676000931
-838596411
1038399227
-1887555275
-972789481
-992953307
-1290369527
980606369
734092944
-396306225
-683211481
614645307
-1460500576
1524382623
437779318
1739409706
-1452421688
-819447697
-1356598430
-2022984976
-1008934535
1391741626
381625574
-1913403842
51486995
646274003
-971443380
123059340
2027164991
-1862379440
286670834
208276965
-558404935
848580929
-620635848
-1417911341
2125115765
1397960319
-1767378019
-572722852
-151244791
-2100177508
557504601
-898031753
1092638986
-2017244801
2138544886
786825012
1027226534
1197353400
-1167630387
1266205806
2040531914
-1782471613
-1896100759
-1349498128
1941467836
1176363755
-1708585690
1163483159
1501589525
-1300181482
-304221600
-275634260
-68235486
1542773935
-976520597
-1236032941
1805600431
1641715365
1460847282
-1982707723
2147257158
-654677675
1976934156
-1907609826
160190905
-499239186
534760686
765855734
-715092863
1742944920
-399789364
1908366944
-1959058276
237025883
1354752534
1007687585
1228873917
373022738
755364890
-792789545
2145695985
2088372495
-1793414921
1349545935
1677253818
-2123395700
264250994
-1971535514
-79647200
1974698769
-1944796204
-1974965570
-562001858
35036
1308432670
1643186481
-612572310
1446946360
978456125
-439928402
-1983071273
-214560057
-223775568
-1527130876
-236802267
-44592430
1861777836
600070903
-1145285046
-1280365157
558019437
1930429800
308732985
1543968322
-1085914681
579194002
-585289314
313796171
365896823
-1249488018
172598709
2083428831
-315373734
1544218719
435540058
-1510416513
791749737
-1361325872
-1413694150
2051447875
-252076981
-868938970
-1407690018
868884880
131090703
-1056814886
121917175
2081687064
-962141735
-1681559887
1501019855
-1800095989
-1137766270
2017261003
812528286
334291205
1332078954
624826509
2068484679
-1265869733
99878767
379198227
-560615681
-1203003306
-1402913414
-1807340887
-1224776636
1293297207
-1268822398
1146666018
189783731
2081561377
-1437300933
511790196
905522227
-898044308
-1239135731
-26618296
-666534577
-249860617
1658893184
-885618274
334993355
637923740
-749321168
-523421931
-148832748
-1624183134
-1998506609
-756716561
-177982699
1526722275
-1370914025
-1819899619
187904163
608220668
609728235
-1735093164
-9836321
1339426506
594212116
1612829583
-1333839077
1340177123
295247217
-799013080
1284920068
1454425296
1574453691
-1921429661
-232403105
919490645
-1130559016
-1250972771
260273732
-1734905938
1328229841
1940883230
-1633077441
558960832
-1089453949
978412936
1615720656
-1438968721
940051815
797172134
-1958241511
2084792394
-2023470464
2081371571
1029935815
609974035
1720687465
966125114
725777130
-1597109561
-1023068970
-1825383855
-1050736330
-1699694535
1444584191
-17673832
-1872036800
1853116270
1011373731
-1912790789
453406135
-212745047
-218707760
836445108
1140166367
-1060648960
-1265592324
1468670886
-1476101906
-1949672155
-1476831653
2045413911
-428318852
-1563741077
1425669497
-684780844
-1451556351
-786042859
-1432887353
804551313
-964197750
423258519
-248350988
-1697411401
1836318444
-1459120947
908608189
1739611921
-1454894050
-1526523626
743112818
-1851799019
2013044476
-1679536815
-1015393121
1138476767
-162677332
1153239650
769745399
-760709079
1775253223
629384826
-81972875
-1325082139
-203825668
-687529848
-1710135633
-899629848
432551449
-1020567999
-1817552856
1020739293
2138863606
-927946833
353008767
938471048
1691181838
-7660231
2025497461
1201841033
-894988723
-606558183
-1956043343
126130851
-1508312503
1038543044
-1964067397
1911555870
-127315074
-833856041
-1172683010
1283632786
48460012
265985752
1657709252
1358345610
-1398328143
-1250665550
-353974786
-827326248
761278515
-2136152029
-897904946
-1870907865
420266403
254778821
-123139493
399581535
-1471662476
-1071550708
2063039416
-891180622
-2070248476
2139196723
31475828
830552730
1877493532
1305440211
1372575804
953084225
-2049308246
632339232
121631934
-1788727409
2003425529
1788678244
1985566915
990021602
2032520947
1471985681
-554821660
141339466
-684193664
-1526035961
1923013570
262074037
705141299
525065821
136990021
-182294134
-1739476205
-1908092978
883990646
959887169
-799433958
-645073959
1372966636
-1686803668
-458934482
1705122322
-449325620
1350977667
-541881618
2039510699
265071449
305212174
203198235
-135315376
532043260
-1144477385
1561597428
-1454891567
2087564426
1465743569
919763287
51120082
-489599842
705505302
785580918
-1147446450
106088305
-1480035246
-1674753050
-1012483279
1799060728
-975956052
-2024591258
1917905203
1666423757
-1398360293
789311818
1187924683
2070826468
681922926
1439700221
-1812762031
677721650
1104128524
123119632
-1279526314
-1894641847
1488597634
1960172117
-360777664
235815571
985987543
1273467378
-640165934
-1172153305
1484155554
-392679400
174913662
1955868594
-573761586
1237091520
-1422471237
1012366010
-24302361
1035034311
651707820
-712570830
-1550746858
-67758194
1935886600
-766576600
1482764035
549075480
905855187
37394904
-671928893
262034347
399575177
-873557775
2131411406
964591502
1590829711
-1362577129
808088555
-1285779616
1334886260
1414183195
1578825873
1077719729
1746141759
-1214254220
-1174589383
996111361
-1189821683
-796358155
-607070072
631968244
1688533327
-579401065
1381041280
363483152
-614943849
1862185997
2075155915
2040252617
886516157
-1339441833
1883043788
-1975547861
-1911974892
-689568527
-2086239616
-157428835
1320094542
188365797
-1546155532
-1118802585
-665757434
493296679
-1511284745
-2023433614
620106787
588036605
-713085578
195215245
-1760381586
-1771638294
-1234116916
-1910240382
1255617833
-1604927540
-790563740
-837605363
-351380178
-927657871
-1145715993
-1949241076
932184704
-727511584
-824344719
-299820818
319773770
295262540
2085704785
851014855
-883498503
2073818164
114726815
-575917669
586144373
-1421705895
-1699632980
-1941687549
-274037796
-124007805
-1011104116
1201825454
1449344712
-279779975
-819998177
2128214608
-296636775
-2029109582
2123196501
-1569071907
314293122
274440792
-1258998283
-1644376482
1064455726
-1003989569
-1595616090
-202312937
-382527504
-1968948736
-1716263141
1757981211
-573665135
215705060
1271152500
-1971026136
-838893414
-464403
26255750
-603064239
193515470
-468323744
1176020421
-1009375365
1454156450
800466095
-442647325
-545308704
-1298542568
-701353194
-1651335720
-156319661
-2063174359
2011417642
-1279678016
-51499877
-192757988
-1869153580
-1320221639
741266736
963662758
2102849148
-1702945387
-151875767
352963464
-1484730656
1464118899
1855420421
-2074565986
-902314616
829896345
1766787532
1747389447
-1258910803
-1634508081
156147462
1216056389
-1941131960
-1880448898
-2065227479
-1384229794
1348507419
1810477426
1493547662
-1904591428
813619597
-859287014
-1400154119
-1162032061
-401439589
-1851081663
1408892040
-312287040
-1934655093
1821415375
799763716
1898987064
1509881889
-2068006203
-160521020
257807749
470377734
691573955
-1681846121
1903203549
-357939390
728260864
201719618
-1000009996
-1568189196
-146781962
-529574846
-350017384
2000695255
741633478
1722437103
-2029709533
1687977749
595199185
1521091398
639909318
-1706306059
245723232
937153152
859759665
-2029133856
519157566
-367712329
1347034418
-2010881587
1259356303
711486972
282972555
-19945616
181392573
-1594094810
2127689801
-1666952919
1170421133
-217742890
823829805
-1486848797
-1866910361
-1032499074
749832345
1544249235
1378872114
-65600318
1701358731
-293095705
1352895539
-1603151797
319648301
1738350259
-1627327797
857579989
201568949
-1371314953
900332094
1632479607
-1253819024
1524084019
-479481877
1206228084
-739816822
-820290162
956720837
-1409147390
1884615710
1371938827
-1178049239
-1013429899
-949228596
-1021335390
563939804
-2009625364
-906712687
1427524848
-389111304
-1870375301
-1281229730
-632016505
-1919422917
718643332
-232728641
1276352229
2133184970
-953083459
-1746448057
-1464499104
1332625110
-893368250
276965245
-32350794
-177622064
-1633129016
-455173263
672048126
202741755
-1125089434
-1828982767
-1264196979
-834765233
-2003915754
77386328
-1798646290
-266410726
796686603
-1686600059
-1152917353
1429935882
-657952576
740680937
318844282
-1608003245
1976860291
614721065
892121511
-541457267
1968619773
-1958838333
1490532462
-1553651887
-848827181
1478933475
-1736605552
-675037758
-1325059115
-484825213
1130754853
-2028507291
397140492
-230798963
671649682
1995344517
1192641609
1063972788
246676233
-1225264984
125737388
-156508731
1539173849
994195941
948293740
-1658182688
-1038355645
10681025
1816445396
-1306888270
-743077648
441148950
-1621280748
397822437
8647794
1577690746
2116439035
-1169993215
272851271
2016582565
1526587854
-1712235933
-1646715375
1444462093
2118431499
1242834191
1483213520
-1406159021
769307366
-2026100630
-362460791
-143821007
-584429983
324631916
1016538164
-1275147011
-1075935888
121058964
-2003201280
900929188
-821458511
2064463119
-1679924429
486794502
979835669
-734888842
-1918743006
-1554835776
-1388215758
-1140271177
-1827002715
-1166287559
1394873165
-1391646664
1533637483
-929202144
119831103
1521869562
-1201996039
49681668
-890774119
-523150426
-1362143962
2073683469
-1461774765
-1959801946
839069493
393387790
-1270340276
-2021562163
1278597583
1176810125
-1319950478
-1746597600
677641185
-1344824777
-1495666972
693128100
730778847
-1120301542
2121881148
-1937498306
-167881865
-228832030
773720255
-1196069954
-209980729
-1558762352
677228614
-1094050859
303004288
-239731029
1095817900
-333382821
1606770113
-1733577788
688857034
-190528039
535944066
303690704
-2045089571
-1405080133
-342258238
-1908374015
-656982867
819202181
-1863608462
2114464727
149731639
334552167
1984905288
-49248097
-1376833419
-468207682
-1220645489
-1579247561
-1722668221
-101306673
-1030733625
334541835
143639182
-124133495
1770772046
1955536525
1086557670
2020314760
-292586456
-665743118
-1495725327
-1126139223
1701591828
880806245
1377202206
-256326002
-1822720112
87248535
-69456445
1589150644
-1230535622
-498317796
-803885907
-2084143618
1844305998
1001569752
307177613
1307349420
-1660420379
-440157931
-1257527810
-236284516
153503276
1723228671
279090877
227592619
1142567683
462172520
-85163788
1379326894
1054118517
-409782981
1885796770
-339677431
1367564003
-544495114
-737879007
-719228388
505244856
-1868066962
766624219
-464093223
-41128124
1730930412
-1811850342
1522051362
-1361886834
-1158024771
2084580633
-1738972370
1347543409
-1130529290
1081854100
-128806161
-53218161
-1954048207
1240172062
-787844918
1502257349
-1954342183
-1409423033
-408792066
958372821
-1486660575
-1128260687
902641285
-1119116555
-16650968
982192052
1174160657
-1147736844
-808342593
-658058721
433999100
1379447304
918252011
-1052773243
769553497
10530382
324828631
1689422217
-734745008
-565290321
-1754846999
-1828922804
-1980852646
1523021043
97057473
1055607001
1137291455
-1907790439
1149201576
-1416818935
-1289130320
-99458846
-1956677937
-337387031
-48631284
1885873326
1044258194
805833158
-1446244610
2128924652
-858927890
710193976
818776465
-968092462
437610243
-993989470
-585348034
-1611882576
-1051023085
732663286
897515521
663573155
2613944
1767255033
-1730842581
412325212
1817818927
-1814185978
-1510823545
712656468
-872802269
-2112229095
-190780957
-379751964
1585230615
-1989691980
-1336025457
2056827727
-1541097510
-1050875028
-164077245
-1277867779
332586971
1137520695
666240944
-471686999
917757344
1833439602
-1130445704
1264202485
1396372763
-472610859
-1010833303
91863194
-1169798473
-84826187
1113605796
409614814
-1368151595
64120016
546709000
1260029303
-1408481961
1886644830
1441732571
93186757
-1457341551
-73077603
-732152054
823464916
-1244356524
1787465621
-1360320360
-323059102
-1261115203
-1733551308
-1491406961
275840847
-808687038
-1149027070
2015812014
-175094780
-1787227623
1919053797
698037811
-200635290
-976497184
1167713169
1192166742
346376280
981862658
-512297135
-1424607042
-324117528
-1089749835
-1079368390
-544744146
1746695054
1489794346
815114795
-1203773084
1435705971
-1452022137
-2072855644
-638494449
217314849
-892419458
697551131
-2145928735
-1024124017
-519536776
1878260897
1031762549
-1613272674
12976882
-86270050
-912702319
849539888
-756659830
-1149009221
-1744791472
416299886
1783031057
-1490707649
-2094651379
-13930667
-654107969
-145250440
-957386630
-981754163
-1771796837
1996545321
-909635156
-133547996
-264961389
1939778175
470869364
493558864
-1593939535
1594144366
-424122377
1317092710
-1749679829
-1233249255
1047585014
-271077989
308132090
-1072657467
-405465051
1784682955
-243591027
282262613
2001752158
334804820
133139643
-1279385870
-104479120
1831088561
1308318168
-147677618
1209209693
2117089708
1035085143
632497040
1322737564
-964183134
1930625870
779490947
1091433485
560370692
905784735
-1651706651
-1530814179
729960982
817478842
-253121698
-692186210
-759199188
388816930
-761188126
230820530
-767170400
555016365
1227883691
1024130505
1531591982
-735038433
-1828207549
-1728920931
-895292169
37862337
287615775
1063614499
220226371
-1935572796
-1533708222
597559964
648690641
-846592665
-2043912314
-858529446
1057894419
442790383
110935830
1068974350
1513759085
-1747141730
330981793
330702851
-2047663182
-1950315860
-254443324
1322409814
184687518
-160710717
-2044225312
-1787575287
1742376913
1195089645
-1173698883
-292687984
-995797457
1964116474
1400906649
273304269
2021830290
-1595503456
1072663140
-639480930
-30368884
26724333
-802830201
-1672658900
-1834917986
-1865078601
1394518733
587448285
-891563433
1658544056
-1197894368
-1416906489
-210670184
-475487175
297723295
-877872159
-399780926
-1593987635
-1383583315
75383830
-37461987
-881693548
1998440166
1187126542
-1367411853
-178890721
-783124438
1193959705
-714111878
1655867021
1077795070
1214065419
729320227
-1154464505
169396990
-1500699576
1445199893
283995635
-947242705
740964854
9920302
-609892148
1823458240
-366593614
333275809
-361859170
-914140137
1655377994
-850337500
983003054
601536200
-462704825
1337431365
444737814
1639751933
-72445604
1192847915
969459821
-1227988383
452351709
623677406
-777468552
-2075623646
1579248005
-444763094
-61455845
-532699700
179360156
47555162
182514243
-704029353
1978961712
-452479298
22648322
1399189221
1821161005
404709915
-77709107
-696553821
-390846964
-479758005
-937605104
1337779291
1497232705
1701053702
-640935569
2054639030
-2040092094
-1325800303
638161358
-1617252345
1658020685
-605938907
-1028493657
-600445550
422778575
-775036750
100262335
-1583504964
1444626684
-1252793139
-1262748265
1580132724
-2075977735
1291548631
1370909266
677211000
1640617522
-1952269873
-1946300453
34180119
561832679
-1788138820
-289036492
546537025
-1705813172
-1655886842
-2143244198
-796949996
1280943356
1236679212
1235949796
-567232361
-1505063061
2008581022
868701166
464316045
-291063389
-1676302709
1402547447
1590800768
1830670742
519375765
-702186763
-1339299676
691179412
1699421756
-1778581878
-301157140
459896178
-1810491379
-1159396523
-1364152277
-225489810
1044460511
2115021756
1606789585
-677978389
-1576967881
-1755479603
346279778
309968961
-1200289947
168358658
2069253147
-1608113067
-806593584
282389947
1540499928
-892337318
196997197
17223799
1589720443
-1623707341
-96813484
-1208647719
-842351299
870937382
-1996963448
1782138759
-938338601
400518490
-1175269269
1497314459
-1902311128
897697457
2081987637
-641663908
-533143984
298940647
1464360263
-1391898233
655318683
-207094693
1337758654
-120909423
-1272698139
-770239373
1791934551
-1175738475
-202186482
-272331631
-1892640076
-523764050
-776574832
1770129441
-295969313
1086839224
1630958639
1776279051
-180202173
1232621934
-1164056417
1888162560
-2086672846
-807071005
350434498
1025961039
1868039746
1845093132
1598189975
-1389907196
436234557
752173989
-1815727806
429708194
1430481616
-847241063
-1965732878
1077531748
825529081
2118825178
1908860669
-884965670
-241832538
1372796512
1403474235
455579928
1514138765
-1176993149
-1829943002
600491834
-1047150798
-1797835601
621247253
-1895077591
1809480708
846536873
397872126
450730857
1397765287
-1612855384
-160995003
-830791753
-489767485
-1964317594
10671885
-318896730
-146154501
-1097693467
1715886551
-1593012559
1139793947
-1449431296
1144474129
-1409106651
379162365
968792834
-8654645
1626644421
397483012
-1096823810
-483326252
-1881032283
401176984
162764436
-1295413266
-479469879
-625557834
1149768525
-562928417
-631590017
421000555
-28829304
1165285217
1521829455
-517698941
1049679263
826123338
16108152
353157334
-790527956
771808442
-1949781198
-99817551
-570776405
-878416803
1763949821
-1502587417
-912143782
-1456578401
-1495096971
24444321
-320249873
-743616820
271879357
-221650601
-1389871683
-2028646591
2025349844
589325423
2052592841
1885280984
-1325893435
529567701
2105828049
-740135543
1259454325
384649672
-238532075
1024307904
-1234279292
2040078333
191866276
316212579
-591418861
-579490933
-2089667406
1006626020
-1175808395
-1494573373
-1741748790
-158677733
-129485592
-790415079
-1321076351
773844755
1800939076
-1927956231
1085556092
398077014
-820204409
-1978725798
-634540880
-1716904993
-737227028
1359017511
-1532601243
2045842030
-316474127
-1905980545
25910229
2026987914
-2040664488
984739260
437861184
-719410069
1510578014
-2027790002
-218064225
-1075469611
1940984174
717093016
432336795
-1639317723
513949499
291067878
303740105
-189845257
-1594268027
-713893252
467230596
866876656
-57715891
-2090411815
-925670894
392647491
594586311
-1158539411
523258176
750226718
-2035180062
824017363
197132814
1082379947
-472660279
1813969206
-1939079428
-481977831
164733174
-407067409
1368266687
1863008112
-950259102
-471790610
251285291
-1650494247
-1852198356
851246464
-512437785
-437395744
1237569574
1631431024
1525397449
-114693077
515708899
463286443
785540070
633213614
-93965155
841664345
1513589417
-573494550
1112006344
-2135338836
-1810250034
-454033415
1333668266
1006460976
113154551
-533747387
598155540
1464517338
-1940606345
1030745218
864939758
2087484396
-471300898
1366083837
551367923
-28654056
-1672037936
2132925
-1759834077
-308419904
191353780
-791176468
-1147486228
609626209
-466573109
2125061572
2018382651
-215055567
-1547903743
2090731086
-1942140458
845428213
1906166594
-1184131975
-2133790040
-332035429
-1134549061
2117392935
608067166
142615667
-1893905136
-1456655390
604831516
-1708166375
1276870663
-604333661
-292798005
324716454
-297762791
2036491926
-1019290283
1230920129
515065049
-1064483141
1729108672
1975648326
199234710
-2035970491
1978234185
1815796899
-1332166617
-805854597
146022328
1035992564
-579991352
-255228362
2031048467
356168458
-754657316
2134121287
168576339
-2005438145
-252565372
2052981519
323216770
-541936573
-357657332
-1809306587
-1395823984
-1625429573
578023695
-1992534781
-367651892
-76502089
-1386597338
-681144726
-1102912961
1104789826
-354264221
-1902753085
-1439327852
115859835
-397750972
-511986809
-1161604528
-1121344193
-624449093
707657627
1880123351
-1320646284
1835083187
2040017462
599431111
-1409988095
-598557197
-479125593
1205060362
-321372173
1553185661
1385315440
1381905089
-258531682
1601600699
868393311
-1324061642
-501738843
562406992
-94075968
-1313705344
-303695418
2139429201
-249482019
-739491121
1396028509
1637590188
-1564212878
-303600051
320481329
-836148244
709078093
-1395207771
427660946
-1010047950
-2027661341
-536596892
1675992505
-1220221715
1080654286
1511649081
162813411
78342664
1153378860
-242262073
763014719
-1823005333
2015301108
-11596914
1892188281
-540465298
307890593
-268063571
-625259998
1507100595
-580721915
-1581845131
1499362089
-144811155
-353291532
781932518
-144641820
1625938210
-1679373985
474689039
828207075
-2011493821
-1878453796
968095668
2039945495
-1190251062
1132797973
1589203001
-1467953141
-1894470566
-320577730
1395673932
-1558224851
748013082
-1159943811
1692860518
1419495880
1824903567
-1053841011
1010120097
403124940
1849130925
353079704
1735917930
-736585173
-2056095360
-1099450248
532891081
1204354060
-2124402630
-1525682187
-488577507
-1383360095
-1945601113
174985752
722880531
-677070559
287405240
63797705
-1134219649
1058007411
1168277806
-1488928881
-889359494
-2137140253
1383403260
19699089
566172483
-23120757
430326599
-1793997379
893324768
-1300029802
813997062
825794104
1621978215
-1139932708
182965951
-1777475112
-222641617
615577216
-819743590
-857438489
131292175
875743626
-1487423907
-332234293
-557095530
-1699536620
-102537593
328002642
-841650023
2138972356
89602914
1597155077
1671240358
80450098
-792691386
-170070235
-1000253267
1891247495
-1470199267
-25545006
1889166673
-142304292
206082234
1757102762
-1469000801
-347796614
386169562
-1594540439
-627170342
780140508
930071773
1023575214
1239807056
-2006174868
-1300650175
595620456
-703469584
423857272
2091880755
13761301
-1836338560
403275225
-332963777
-2121517038
-1712103949
816182643
-109905464
453747704
-1535456367
-1077820746
746382833
894047665
1120210221
1798010
263669357
-569656640
-605276802
-770683411
954727101
-829592056
-578355918
-802981379
391901235
-1602789906
7122422
829958318
-565416567
-692736333
-912252126
1769329357
35193243
-1303618285
-970934557
1186696669
1109057165
-911969476
1120431547
-1219510022
-2116814834
-1942985854
1530537253
-1950104820
1887004898
-507387771
-131139378
1388385285
-893606694
742088224
1186004977
1217484438
1435052384
1894533407
-1496286726
2072190378
1026302820
266156394
2020866836
635147427
-1841166089
-943280894
425891629
-2002472112
520367570
-1701501543
-97753779
1697860777
-718908151
147054443
-319419813
-1320411674
777373828
-618486805
484315628
1699792629
850170441
-1758793780
645248463
-348742662
-288620712
-905888279
-450781191
-1856533843
-1326235654
1542149295
54869589
1158255231
-913369794
1953872780
1860773939
1958768108
-63522905
1447177940
-898942566
-1961501510
1436592648
368749117
402778606
-815219462
2141303084
1052116828
-1956882165
-1577693029
1619203023
-747543138
205946572
-2000355834
-1755496765
-699607127
685985775
-595593331
255346799
-1206071332
-1564852038
1185609207
-1040342834
2064106983
-888609256
455214377
-1602710536
936861202
22135091
771691683
-1593585329
-2112379762
383580545
61229455
1052470206
-84757627
-1754215746
534601832
786714082
-2094019115
-635699801
-365110149
167217622
-1715965826
-1084041709
1897537128
745026415
1787194188
1307074223
352010935
-1316003179
-933179827
1260839921
1041647715
1089499793
1807679090
748517230
478931834
782858167
1392929935
1144007026
1902093540
-1569386185
1241040515
-372150627
-484347607
-337388026
1148482504
-174055645
715885283
1689088754
-1387935919
1822900814
-1283851879
-2610439
-484289873
1728704655
126967353
-1835880108
-723792721
-132495504
405362304
15104463
1489313819
-1390825135
-1266684805
93356082
1731146598
2071726280
420252031
1850489926
-1354627076
1711621190
766799986
-2014173176
-1170535543
-1623458639
1851920138
1832325699
-1905455207
1799823760
-1168071800
940730843
-2065360440
53142560
1370449970
1498767623
1447304412
2118600645
-1506061288
-105834284
-248709298
248375914
1212832043
1600205651
1421200193
1555435645
212952635
-1003082230
2015283320
279957876
1785751202
737428204
936256937
1859213638
-558510690
-1478695938
-54780209
-1430172918
-1410114403
1786325367
-1540676477
623977331
-1471121720
-1798736572
-2077302127
-866327456
1828786603
1528949755
-1489681559
389466909
1001968441
863477498
93244172
-2077873889
-560267093
-1698747370
-421926352
-470642636
-2105126671
-902578268
1209423014
389200402
-331764247
-1323764418
-846560919
1515519186
296417076
668400196
-1268870649
420272233
1302904022
-1830492087
-29369039
-343700952
-1694669446
1118106776
1815200694
-1323503740
1891090645
-1711850400
1253043108
-152632163
-1097250397
535713686
643660971
1538378162
-627141467
55561378
1254059236
-1207428789
956516757
-1384133852
-1031986570
-1511700910
1134712587
-655265509
1855829097
-2112449775
1457889847
1924550380
-985133389
-2014447285
1915404592
-2077545686
-1574872957
-2066072075
-1211728828
2032898047
-1591653358
-1762846492
1183536304
-1134828197
411799907
505451445
-1708516616
1620135384
-28288536
1354698500
1053700855
938694764
651641766
294827201
603718953
-1736779540
83982897
-438877611
-896496180
-805071429
-1991268534
1275772847
1631444779
2054952067
2011317391
868814894
1847195638
-987916850
145190116
-3499739
-1776579424
-1328895519
799928043
-1342630124
2067045878
-290317935
109931880
-1094004923
803885615
1791212182
217489185
1773079957
833660639
-1918715198
-553649221
659935237
368213463
1688861159
723429750
-754318207
1050558978
120760494
395043034
828276640
-135185821
-469991647
235293632
-1473204234
-105580597
-554357921
-1217608209
-2047173512
-443261138
1190834817
-815609185
-1518464184
-176734293
-426240167
-542893573
1823558527
-1281803736
-850465692
-310260132
1234763397
-507652766
1983515782
-1197967620
-1893232974
391646258
67272655
-1376997272
-1889092301
-1940910181
1748382531
498706581
1048675234
-1884037625
1894496088
874327420
-1536288421
1646536704
1742546365
-394514334
1667785286
-287106696
-576638647
1142904617
245028441
-640345545
-593630273
-171820967
-1969123347
-293457346
149923648
-133345809
857387451
-1543709971
1106307128
48685641
1145916057
818157902
-1290207925
-2996834
569455081
-1799706116
-69018373
-81450349
-2935350
722416805
-138458170
2105807396
-1466301918
-371399555
1114803053
1545507304
-1309801857
-430344488
1112507858
-1448763413
1650685957
1950560710
765656987
1974258784
-677702755
-60450356
-885400561
-1527061557
-1253608289
-1904987271
-584950840
-1827689350
-665164488
-1536502069
-1292202107
-1992357817
1855930823
-1596874950
76656125
1278653110
581981927
1222056348
2059089901
186875693
-319577636
1405517724
-4475276
-1585958559
-179790894
1245628932
806387745
459632607
1912318168
1179180769
-1509669741
599094266
-1085015195
-1577893126
-328689953
-1471032560
1987009842
1519765553
157431626
873120235
272754038
-1103046843
338159589
1770484043
1780606789
190575565
859587963
-529834380
409451823
568605273
924405864
-970531400
93510636
-1145063601
-1384198132
192425895
162634961
-1091363415
1195353936
-864378619
1912639927
870926712
-938808865
-1922138983
1117245490
1821559641
426106051
1030472005
81539291
1836806829
97612011
-1401061353
1320304288
174061246
-2009943802
535899438
1393453542
203497004
194958647
-1059594128
287569927
-64436893
-419940254
-594370385
1058223884
-1123724189
710179354
337064560
247952509
761794215
122942971
-56993652
1682010939
-554383411
1686546017
382209130
-1391943030
-1278913570
-781874882
-360761778
-953826686
2066465787
976750785
-1751201593
988050984
899784638
1373920681
1394670509
932809925
-1285600902
2050442905
484720703
639004954
-977691325
-654107078
-2027738829
-1214287451
-1627420749
-1809561638
-136985286
607046573
764703691
-930477292
-1179707936
-1255191973
447043202
1282473358
1201298206
-1255049258
-1659706078
-1328706256
-768408103
1428302585
-1830763089
-1471785456
977995030
321696873
-376247699
1479193825
-879894568
102904968
656316723
592138311
-1386427518
315441353
-1254555845
1343687937
1931540136
1820170267
-2007973552
-1829296057
-998305853
-1060946320
719337616
379190838
-2018892123
-674802324
-946924043
-984746117
341957938
-1657232590
-1539936897
149005760
936524028
-1176301021
-481802662
-1664716964
-1722088893
-1824294951
-590261330
-2004278564
-949032823
318915053
-1925892935
786507851
1482776936
-63405476
342276507
-737681572
1057215161
-1898748600
501194177
1240182595
-2096874368
1299265161
1494311235
396121337
-802816990
875885868
1827514393
742744392
-1472187205
1823887892
-437361204
639631845
-1215011686
2089405352
-980839844
1742224003
-1263057983
2065285296
-1281101314
37143045
2051516700
-343981372
892127756
364114203
-628966661
573125499
1309178431
644487537
-1994848513
1795296081
-1554818700
1341935058
1423620345
954107081
-1920961581
-289563108
1304657053
-1788848923
-1981492797
2096466383
1331064062
-490001892
-1915556342
-1995522546
-1878832546
742828229
499108137
1223987208
1269871902
685242408
650457844
-1102104695
597934155
-453468814
887967421
-1193688912
954860911
1488272605
1702896327
-339117453
-583136474
-1827838151
1615299169
-488130997
1367661807
24977570
-291313158
210287814
535190935
1446448163
1809168647
531424995
-1830426670
-148211437
174687538
-2036852728
-2057318372
2097841265
1706333537
-1995044897
790234892
-2000871671
-26658136
-1441089205
-1587262139
-44804269
-332837842
1383176366
-1673723866
-991299663
2016948299
-1902976000
1396405585
1259722999
-1849904332
-2059656566
-418501549
1142793874
-671209777
-436170605
817883545
-841127691
905615430
-1949064530
449025866
-727421499
1841544312
1506022673
404755231
-227066337
1678246241
-1225064055
1721742908
2011523994
-417677765
488075580
-1968930302
-1194321241
1880069751
1854802969
-393069393
-1195657832
1043792087
-1759883945
1295048033
198913110
-1228831563
-1396668266
1095687384
2104157791
-46575984
737696977
-762259252
1381587163
1185612991
-333485609
-2105490440
-719062369
115618750
564930111
571597527
-94701117
446963142
-718285297
-1477974653
2117071356
1796086625
426351932
1850474195
891622572
-1092748430
-2115440617
318421432
-2112660034
1267445445
-2128734473
1910310722
249792856
52666953
346260464
-457686544
478296086
-638408208
-2036875676
-345872870
-2114420811
1306108174
-1319043267
-404252129
-422795007
1118293799
-924005708
-293726600
-1255156012
-654751550
-1851526050
-599921646
1049811870
1303464840
-1462515792
1370775996
340745849
-1701314807
1709172927
1334162183
1047961742
571057062
833569842
-310322328
248749133
-1810057167
899002841
-175749458
222928109
1917982021
-1730920010
1713383683
-136396792
1912956146
-964150789
-1205242627
605709663
-1718330114
-717563026
642387345
1609788743
-1389458179
581352224
1212483299
-2124526505
725234828
-788037524
-1585318699
-343358444
-1277163930
599810317
-323037400
-104340786
2040153984
1699326889
1178606702
1683106051
71351425
-84029255
-2029248361
-682246815
-2127830224
-1854297175
1230794148
-360813049
1996458400
-703795963
-1758441452
-774289779
1243019473
1438230140
-2001033398
2023739872
111349048
1706316767
-1370597434
2132370143
327047000
-520382762
2019214875
769560221
1556633571
1811292450
1651123177
1898980713
-1778834982
-911805755
-1872045271
-29136478
-1912307905
-2109957003
-386495871
-1081318805
1053825604
2065795222
1267769973
-1378502283
2090356576
1415693945
247395256
-87756508
-501915994
1742695764
-1951886696
-652619290
1793399237
-1756474853
-1199005477
-579875594
-1038800479
2012113620
318887932
1561915007
1438408818
-1289787101
788556318
1194788160
1974465179
894317777
998595447
254245359
-766022875
564374500
-595142026
-629978554
1052007842
202219504
240269685
763605507
1253144347
-1745630731
473360160
-419549174
-807399719
1533772289
-700091303
-1615678951
-1281860335
-107441503
1049467441
2138911488
-1995533757
-1596550574
-2046086526
569965381
1275302370
856561526
-2081494294
-1771727539
-1148997531
-1801459335
57422597
1540646674
701436703
-200730595
1465753335
-626911279
777555683
-1702305078
-1838909796
604756175
2144156413
1219248465
-1043533394
811414429
-270357588
1013058256
-236447055
-76630366
-1454707914
794787247
2143854226
1887001639
818279270
1115233669
-1795936030
-1939649295
290229053
2014305604
-940069476
-733620529
1939412870
1934508374
-1039230973
-919166521
1763264130
754725392
1458071227
1758107554
361060321
659409088
-1566032889
877843985
-1189826286
1793677390
-1919103400
748756347
1770262238
-788409480
-1963977121
-1804268983
-1338805792
2073599407
1296882437
179429231
1101520754
-785764326
-992468285
272673097
249386791
-1119347501
-1381602516
-1996519084
-180934094
1460080473
-1861029242
209598718
-679257132
1878984743
-527562562
-1826406670
651060357
916953463
1685361815
-1615216667
634918617
-1587070225
692409938
1548600855
822035051
1294653720
-1746634718
-1584005137
-499097926
-138351328
1747664018
-1557076144
-805532208
1659599152
1543693317
-49155839
1234904494
281348916
-131280253
388607273
458508640
590720404
1329893180
1309933665
-1637084448
-1317564115
-351752905
-30685757
83919994
-1028292905
-1197574126
1842966606
-440066253
1610000859
284189020
-1814159490
-717198572
-1560799829
-1991532992
603982878
-679093639
-662407019
-712554024
2018598789
-1304873497
358117036
-1655882988
612061694
-854920746
429922257
-251222013
1011361519
-203851934
-1453543830
705744405
2140235632
242399015
-355059170
-651058427
1777048643
-730532282
-1098481992
1209526984
415078939
-207047560
-612154098
-378773210
-1119983932
-2071261755
1099253570
-1666357783
1927380819
1387927537
-1631189309
-1070883699
-722366368
1921460545
-1011897923
-2059550843
-1381259555
1060640358
500111157
1383903780
-1555744374
918626765
-780557649
-333418640
884265923
122444351
879380820
-494075157
-936175720
2017046475
-1787777604
-568848159
479305369
1217977762
216783957
-754374951
-939674144
-443663019
-1123838705
915382130
-2057768027
1695654343
178068832
2035416739
-519989386
-434863934
88732262
1225839282
-1518214651
-807159504
-1681166362
-209309613
-1899510117
1551654527
130901931
-345481311
-1125893904
943984597
1587136436
-228404111
1373145490
-900036577
-425742256
-982054315
-1355777256
282149478
1771629029
-1074706056
713505378
-978143093
1304422471
-1547330272
1605311122
-424717890
-918269910
-1569691761
1016521765
-3125020
-1614861215
-243251165
-1814088314
1118330916
-1815707052
1164363398
171807603
-1655677221
846677156
-1257713222
1068499889
-263911455
110021028
-761762487
1574254523
1414178220
-1041324631
-678856317
-103184932
-2120513459
1339090619
140521235
1495456784
377232145
673486368
1172264213
-1934907599
2097426208
-783159496
1580143208
1055640329
-1807562950
1818919478
461021551
524860697
160471551
-1315491642
-627195773
1295316112
387016386
-1192453383
1944938996
1552161034
-612847534
-1979208822
-311485111
955244530
-1725872430
1077995852
-916720314
1828780531
-379633074
-1752395475
-2046852722
-851821270
-1829343614
-777948882
1529431378
990576534
-485253048
-1645249345
-510226415
-1965249786
-1747308681
-673232241
225488600
598032505
-987030713
-962931002
435282971
219314541
338463094
-1151798946
1917835356
1848563449
-1602688327
1294623426
1851259312
780657496
106523384
-507043643
1539080778
-1442941702
925667685
415738186
-1336116356
-743534388
-792463640
-1066733851
243883224
-1940371248
-469859016
-1871423578
1469563020
1175873701
-2041344949
1599335833
-318197618
813557352
-2124937735
-2075605630
852269610
-476365643
1103507970
-693530531
515023043
-554306537
785175056
-1698945996
1551381256
1155353102
1115367907
171821749
918923900
-1772062840
-334071859
1461788944
1065115670
1583975695
-1245952331
-1017586774
-1694809665
-263609722
-1332555218
233678926
-2060477981
-617484851
-660670838
1239257208
994312086
-2138096617
-394873314
-1514428619
-622338418
1796535150
-593737224
-1722821129
33430888
-781562844
336854371
-1928655389
1801432589
-576935305
-1371556951
2041422586
-1171706148
1902317376
188104798
-547194186
1826176634
-829150611
-892853227
-933142767
-1471448147
638510172
1320647230
2099513420
115681829
1964471219
-1550237850
168004272
1176060301
-1439063529
2118755904
1780944182
394440315
1394390715
1760587565
-130875182
1949711631
-139488295
1570321043
1834969546
-331941959
-1129611370
-789677869
1790284322
1992957349
1010064474
-1523680462
-897504422
455784891
2074076929
-1682164197
1533141452
-2070509078
-1313090948
146602178
69941338
-732731027
-1979901395
-555546570
2019337458
1159378552
2144494950
-304359002
1672313952
1257823405
909496712
1052170816
1834270181
-99849624
690120665
-168811082
-1820452896
-900286803
1011089515
-200691931
628664610
860048116
1315812449
-743235825
-1394736198
-827141341
311645330
-1657527921
-2025711358
273108683
360643635
-40965096
-1666128776
-98112645
-909553087
402224466
1805516425
758035044
210192050
-1870432369
200557330
-469344494
311123183
831024548
-1962924810
1472037625
-178708306
592572495
587538052
507564342
1185777475
-1118739616
1327356104
166933065
1688901631
1177797928
-350258779
-1264999976
-408586735
-461619647
1913000985
-1554589004
1130745687
-881419055
-101948426
-1615711067
99736210
-636504314
1122750193
-1905424371
287172120
-721703712
-2024260076
-444926132
1191187484
1152540680
-2058778555
-823416543
-639823290
-1429705749
-1563114124
-1741070664
948637148
-1787625764
680088216
-720240200
2112481846
-836283855
1331689597
978459175
669460539
1591026455
-1509430924
1758828525
1309188079
-663449595
-1265707051
1441363505
-1113786557
-630531306
31891592
-857437769
882284381
1954890293
780456919
1831223733
906025801
53108211
-737876569
1880475569
267482259
-1669074644
-719759504
1813246070
-1028638493
1603227764
-887621965
-704344189
-1555450310
-1945091570
-1157038684
1254277034
738906847
-1716483613
-912991432
-178604870
870696105
2137466789
1745486034
292701065
1352598749
-7879071
-884501375
-1450881779
-1546028314
2014755211
1898126369
-76368801
-2072272430
-856663387
-1841776219
-946845987
-651581839
-1474456023
-1181923537
-1753797445
538803438
1489256087
-697722493
921337078
-1028327247
-702437987
-2068765999
1273701688
-355218130
-1007908804
-1473211435
1426844935
2110875505
-1692876985
-1475008422
-1062340485
-909727101
-1324332578
1961617818
1819069523
847504814
63767308
292449695
1140473408
1890307761
-1087121841
1465887065
487567473
662466295
775988176
891522602
-934351109
-477249441
-1808446981
1575098172
-2093040381
1283133887
-1089171985
2085855076
1213307402
526900914
-610221426
585705460
-482127678
-405657150
331226217
1022316015
759605546
-1321498541
368248201
140917941
-903026676
1723654452
2144306382
-533400551
1944178171
-1774964794
1052836843
-931112609
709406548
423691898
556512382
-289705812
24526272
-658613286
-1688668687
-944036646
-919378003
-1700243718
889323548
-1056656297
974889147
435904332
-1348074251
1960959526
-1852081670
-1194263690
-1162875975
1393697179
1273054559
-307892610
475485297
-697798239
-94261396
-304934220
1750517197
729177348
2081513370
-200259657
405536868
133892353
-492086886
-197848037
150521595
-882918459
1578296905
2070038832
881531161
450762985
80212479
-1915961501
-1878404780
2056612792
-569768937
-1242948000
-1379763073
-114312572
843559083
-1399086458
-654786830
-1691146794
-166583447
1123258318
1651658625
878431218
1121237261
788812038
1288469287
478655825
538195766
-97748293
-1774138397
1468118027
1723765576
-1925544578
-1419519933
-1318790428
700738785
2086958287
1326711720
1721130736
237269700
-1524892870
-1894878203
-197732077
598797829
618852010
-652030874
5182021
255334790
616395042
1732639909
-977482240
-89283087
-87098460
150824212
-28454954
-2040592708
-427233744
430796027
-300754022
1754633393
1276848370
-1968404087
-604073280
51727125
-866796307
1856372438
299232491
1715613551
-1529685005
-1606351468
1040624316
1462292566
848361865
-496024662
1778804793
1369499868
1002051020
-831603820
-654613061
-1958496599
700401840
-1005427895
-1453547211
1774144358
865121505
1042123653
783592437
-1452401693
-883451471
2063530205
-736419727
1557905610
490632825
846752363
2053476076
1262850839
1340525836
-1335761180
-402680546
-210081168
1737304859
1598355923
-1938181434
-1179617510
-887557038
-118772016
-311440392
323666820
843343896
-1315209122
1373556581
384652588
-405142099
143140515
-2140809640
1554260005
925970653
-246239487
-998941017
-361681867
520982154
-1242526190
-2035559567
-1406937004
1563425343
372638716
1222364189
-1192983927
-17832188
1509950171
-1965996217
854318694
-1770930677
-1070987996
1086060205
1939351133
-110992854
1943596037
-1559248037
592063651
-339098416
-694803415
-1360053691
-238383841
1308506631
-884769305
399554012
1373789950
520423394
455130542
-110143183
-1021383454
-27833139
719498534
807646148
-1996473215
-20503595
85759076
1329197144
-1731443624
610724178
417702365
56991513
-1945363591
858888687
1831201272
-702778915
1114531029
231301033
-1181163608
637775509
1400858914
-1321671980
-1925267110
1453966281
497697004
582196520
-673585615
-1058528228
1454569249
1914259716
66068058
-1200143902
1478060600
626555715
1559888019
1107118266
739732287
-733317547
-1882284230
-1315391868
1585313576
-652625065
-1536270439
-358540946
154137256
2044576203
513259744
492959085
-456282050
32640981
927893436
-1581086985
1430001064
-841919697
1865339592
-325466265
-1002681517
1127029606
-381309812
540796396
440623669
-1856535400
338763322
892327068
1300543082
-1737975381
450976228
-258728227
-379344899
277622901
-228713190
-1581705464
1160661116
-718678500
-882336109
1012704278
-1962205180
1068922868
-943084170
1337211121
-125029266
-1231358503
-530029156
-1095221902
-984900628
-271044957
-1413798638
129890621
351406579
258942610
-773978883
-1415330798
-1158948105
764662316
321142397
1150577929
1949298656
734789867
492007198
1966128517
915246111
854042939
68046928
1546854586
1562144477
2102529121
-750613360
-465223803
1649583676
-1356018608
857016772
-185554649
-409419144
1863495663
-1117563971
-927622253
1931004910
-2111366095
788997458
-1227227727
1536953861
-1412399872
2112196770
-1078788618
-1057004217
1278347855
1165462049
1282595668
847443893
-2009582862
893883168
1009871698
1949922310
-1572829332
452494367
-1525116506
1271638060
-1751608857
1529283234
1726547415
626734967
54752896
1312879137
-422237268
-938160784
2065411356
-1406744452
-1160421012
958302410
458244124
-1088961978
-1885392787
-360138539
1666884808
231294330
262489426
-1673502374
-1557701069
-1918138916
1682640884
1243824844
1237094409
-494406692
-840796828
-345749065
1229366622
-544728533
-215602955
-795710959
-2107835218
1882976744
-566210046
-648776352
-725645627
492854142
-1162013589
366113247
-854425906
-1705880415
-1430556854
-480311521
591755229
-1841212191
334851497
305025469
-1569107627
-59851184
-376007649
-1717185037
1877688225
-803021560
1173726170
210974448
-1153595373
-921226552
428545572
-814360976
-529900370
-1207513257
2070728145
-647479992
-317978510
-405845933
641110202
142819428
-915732344
2095675288
1915782108
-1577273683
-1362660417
256717647
-268381441
-557238274
-475232560
65622413
-1735327020
-395322647
-2038435927
878863777
1264515296
-459714487
1208583688
-984186445
-1302703141
247831216
598500280
1783733635
657843728
693365887
-2002881142
121226689
672633898
1266364538
1959668079
406710392
1324623587
2061395541
-1410288106
-1254037854
1231299644
-1482596277
-2092169462
-1582117197
-723269642
-923749979
-1034231058
-708969182
738808906
2088789627
187373939
-1345611314
1588779903
-841486900
-650395629
-202989400
-1156209901
1064559907
-279696117
-1380236905
-24042979
-221447363
1032842854
-1254254550
156055245
-247051616
-8760541
1240837173
1044200456
-5161436
-122435080
52353206
944495526
275393967
1059537051
-729973932
2140488808
-667110208
2138313112
1745857055
-712004721
-1445167719
-1428681928
-2137676977
391458138
-1997267027
-84798597
1021212306
137348084
-2012080726
-2060043168
1970810296
26693265
-895727894
-1576147783
-769055170
-245305203
1960993376
-2108799208
-1535874563
-1812938394
-1660054229
1575365298
1734125690
385184377
1372220877
838659293
-671243061
-943241163
-1733276428
-1231023684
-201565663
-386905841
1344974599
533941476
784713155
-578176394
-1639433235
-562376803
-1216261177
-179819736
-1060534379
-1375467360
-328851671
1567958630
1372581386
2001327945
-1482267622
1533468864
-1848054142
1083167541
179529185
1486929623
53523362
845375063
-1817335026
2112624733
-933871109
-875096009
190456383
-760426677
855823311
74460965
-781641346
-518684745
1821832682
-1091044568
1241542172
1861513007
-1898229339
2144822821
-809234864
-1828656784
-1524956616
908588784
1669853338
-519192229
1178467732
-1219796755
-405517243
-1869564525
965493175
-1161020116
1118011680
1331174123
-709037862
1181124914
577836688
1334368117
573314714
2013595838
-414492938
-126905105
2059357203
-60769055
-1649189152
-750444343
-2077276585
317586406
-1831528496
1408261048
-1117511309
1498392769
-1908911568
-1875652951
668326728
1410964403
-1758003307
-953771284
-854507921
-1891977968
527141923
-1672836834
238218376
-1852719004
-1679408285
510487759
-1694609610
826831536
-222979217
-171605847
-1013255358
-2139855539
842446562
-934823636
2056498851
478547036
2119196926
-935556386
-1434653874
1547907905
-1349727354
-1626021426
-1766286021
-31775434
695824463
-1381370090
1071736826
1237889767
1441775277
-1294677778
1811672350
2025221395
-222496050
-1190499482
-203843440
1831520223
817781583
389509922
-894225510
1392786706
489254242
-614867624
-2080593943
70126654
-1568009807
845416970
1686594762
-118720253
1745333377
1639721792
1255924049
1749835063
1786846744
226207778
-100639163
330267649
1074146732
-1599036429
-1690202382
-2083584270
-1716187477
1366779650
-2037925141
-1601029900
145722544
-885977303
-937846077
-476951838
-690224706
1751982053
-2048499929
-854005558
780410914
569628004
-1909154098
242357963
1459394879
-1470422221
10867488
392830139
1374777101
-885432881
-460259554
1028616565
1967182353
-1206358277
-952473213
47042843
68863866
-1787485693
1107016747
-979430883
-1933200288
-489447743
-118312794
1419453848
282057261
939592467
-1840219839
-507167429
722529111
612084880
1843786941
1363277014
-191773487
-983905013
1473584075
-1519398880
-106152217
-1506385055
489518593
681888466
-350881411
-986240392
2068144012
-1762284187
565650902
1847216928
-1877311318
496070705
-1391685521
1265673187
-1177884789
-1607479676
-1597927872
-1831704530
-444390652
-142230311
-1461568210
-207777593
558909736
-1239329329
-388636521
272967469
-1765517967
1078107045
-1577118585
1861894787
-92681899
1873029900
-1308016951
1067418642
1850608587
-933332101
-1127401176
1058841847
-1962712991
-1034675075
-1983756859
-1837540251
-302719609
-448150101
480276651
-1572407703
-930341697
414149789
2021185649
-1356931270
646752986
-1371689167
-148496071
-2015740429
1734572012
1824099314
1068168386
-1558646849
1585232331
450737019
-1042887514
-147068292
-312226523
-1649080720
229324414
1404494333
-1265278212
1993135657
-123526990
871461520
823410758
-1547626269
1583910488
248184746
-1349345468
1641546603
1272236683
-1614552687
684323041
1885454668
-1996957098
852808873
-2120078244
-2089035792
655673812
-324419597
-1527805024
1975020254
529157429
836176167
-2143102649
247447245
1720913549
1396414246
-1361963013
964681005
1191782648
159424735
1387949282
-681860925
678929013
474802878
448820438
259555830
349059675
249014407
815426416
1359569968
830316698
-363732886
640193953
-719854325
-533572763
-1393768450
1720676487
-1134863935
816071283
-1975181748
1447287794
-376258929
-1206053546
-977854493
-270749073
25863298
-1331861233
-1580067153
-664772577
-2145803893
323946477
-290512282
-275449465
627004448
1963050879
984983391
-1034065137
489931476
1426315064
1605047247
-751011962
-1711135747
-1538864713
1170294539
1786882749
644595621
646096479
736727366
-1659710436
-1136519739
897056702
1901096126
-1444333617
1470017260
2108202132
488227622
-1025907925
1118479440
-151277202
1215784445
-2019228560
1651176813
731663435
1160460993
1287806566
1760001294
1039297566
-428639067
2035739557
1808836533
-704502907
-980143565
-751684481
1333373316
-2047979939
-1983765958
1039935489
885360930
1973080122
549366206
-1435789194
-1866458953
-31878471
-2062461079
112203939
-962616229
-1293512915
689364187
1563386146
-853802468
-356891854
-1177835744
1612890140
-2015108907
-15594775
319172112
225511840
870651062
693305355
519931373
-980706264
-1796670106
1572505830
-915177012
1930586798
556330240
106615980
2020041266
-1922059508
-136679040
596375195
-552163834
73813385
-340834492
1800102990
845186469
-306906825
-1194272529
-518592853
-1030965744
-1087810707
884329700
-306877252
-1725810631
-643708958
1994543336
-423455287
-938388307
499932233
-218585838
-2075830033
1422732340
748207879
-1658930977
-1205828745
1885990746
-448817510
-1413865252
-1995043794
-2053534331
293586070
705037983
-1703067905
-1149840208
847399027
-1623468162
-2048936914
1580673304
1346950096
827758702
-240063039
-550746814
870455518
-1111394964
-1228510551
1042446210
737964413
1400184340
1807217791
149472316
738514003
-840258200
906621447
1004745478
960362538
-283551135
552390964
1890266258
-1242141708
-1537099908
1023920886
-136721930
1502577342
-1987994544
-2011553966
1250061882
1143961817
968276810
1790362204
-350085117
-1921520532
-1001567314
-864776059
310680697
156356668
355845623
398745723
-302236663
-1150626907
87717219
-1530913339
236933252
1273436579
-1495621809
615050020
1129532759
-1068270437
763202230
783627144
-1262797321
-908499367
495167793
195510931
236732667
733169588
-999232200
1352715506
1246479084
-2032659868
266104807
355544314
-1319086217
708116870
-337913214
1796411625
1995368228
-544082247
2092344371
1761282742
-1004412164
899912493
447840387
457116804
-1041337621
-605558063
1627329582
1724995399
55060887
979249939
1748529846
-509025124
236507586
1520760865
-2125511005
-394899506
1554894557
-1984303205
820383154
546405676
-1529683600
-508064770
-2054451344
-2045794697
-915110016
-241455062
-1104983602
-745368149
-599514108
83779409
-1821413767
1250867074
-1474573801
-1408049523
1002503571
-1547669044
-886460648
1794107808
1898256889
861397967
1250982036
2132969688
1668290584
1528640851
524787185
-166835289
-1066258860
1711812565
-788439471
1293391069
1061853659
879854464
-1620420862
-1201330093
-612410298
1935719817
-619405840
2079203579
1235284444
1732828888
-795026802
1513727650
1853499201
-154903878
1170160205
-243947960
-1810905690
-208778026
1082271742
-174881768
-526116802
1206949304
-1857385611
166551154
-2044551730
-2012434631
1226953237
1100736132
-953456713
1630833857
-123177213
480480018
-704313333
665591918
-945596879
1710452292
54001820
-638946915
-924007776
-421698441
-600632570
-807878564
1550561684
-771361186
-1640832630
265582676
373867749
572280330
511135730
967249217
670179271
1997337402
883710229
2090948307
463370167
984457384
742459711
541690893
-986886859
-772165113
-159222025
2099279418
1862274229
748070590
-1441349780
465072750
-1894145283
-753228045
-1039083502
-1926563888
1221096036
-1949258029
2019003184
-887292615
-933755142
681076085
1805468378
-1812762437
59976473
976253916
1888850085
-2117281185
-2106075870
-787445607
-1351075625
1694904484
2024855589
-347990153
1175089107
1581621856
6398990
1490304266
-10303140
-1925095606
-100810275
2084337045
2072313335
1120774560
1914028555
112718758
-1010637054
-804793252
931523292
591581731
1693484843
2082549588
1440833395
-863720773
-159864157
-1146992967
-247519969
-1652757313
-622614179
-2096814834
1501867822
-662162691
1802613398
-17961818
1424328833
74847817
-1772111969
-1664633256
2029443010
-1042283190
-337674754
-616926723
-352958596
-972146312
1866019051
1072092874
1390592370
740978127
-1603741560
-977598799
-1095913257
628159452
449130162
667514267
210752391
1352880149
1352279976
-409888665
-1103504207
-626394813
-142678992
752099473
1941446596
-269618064
-906784971
-761716317
-942487195
2116176753
-1681947988
611492917
-90827090
338445914
-736072955
-1713874678
-1173702858
1077022140
-1622207650
-1458109266
714898293
-273903823
1138409241
-1966833746
-596773592
2137114016
-1521906465
1477831590
-923687564
-915905674
-2043250783
-828702898
1093891472
1723871981
-1874570821
-684740398
-86625536
1412953917
-841570553
569520510
-2130840851
1735048072
1293827588
2792440
-138230417
1094974856
1169798597
-1352619886
413674464
1841759835
-1696253149
-194238931
748152236
471575640
-40012698
-859156888
-1063983412
572721473
1424816602
-1318190792
-1063088826
-1138827852
-1129505605
-993200320
-566450832
1092155812
-1708181943
-1402136731
908370028
94505770
1153846985
-384981654
796915887
-767747652
136955732
483623547
-1341226564
-369154435
1185063540
1728067948
-614039908
-207729212
-100947168
102777602
-1980044949
-1108211508
-921651095
-839089049
1464953859
1191435722
309688165
2459138
-1997008552
-221884463
-218589814
1459415152
1508671604
-428222340
26921093
677633856
960836288
354456955
874416061
205592526
1233961141
-1701768737
-265511866
1621496905
-1115475774
986411831
-1547386568
464799895
-146910798
-2031275278
2101637074
1745903451
711294598
-2046070603
1086157119
-878205462
2119478595
834877703
105404705
-1953032476
-1042361432
1348549553
-1058401713
245792888
1014424958
1291073468
1023901329
2135955751
-339661562
-1919813737
1870959499
-528403134
942036999
821544416
-367627290
422473420
-1427137320
569316046
-2019573043
-532102917
789242839
-663131013
534975014
2027377843
-139835116
-1415392585
-545063763
-869372191
-601154513
312411916
-1008115789
-1718946167
1701235331
-1763360096
1732033840
-1335718207
501828199
623237551
-358210535
1485392609
1037933202
1195489222
752997228
1654523667
-482464248
-1331296505
-151067513
-1601751907
1481861529
-478806678
577816516
698870895
-1513565133
-1388647091
689027540
563272014
1071076234
121317084
577374788
-402763449
-1031809963
41319334
-1527369656
-161566554
1586264649
278149045
1522288460
-660555949
-2017574436
-277412022
-169598692
-513124348
-356696292
37283893
-1321424767
-1160490538
-1263781584
1260267548
-834661009
-2057457777
-752357441
-2055344081
-125204010
-563313959
1992671789
-402453127
-1569752324
1065041536
-1923103805
2049018471
-260622054
769650987
-679168290
-2073338411
-1335997316
-1993853905
-2048348719
1780319805
830252820
-1787305905
231551387
1826668817
1762321973
-1235965560
-1478304054
-852393663
1498401555
-1078085653
53879031
-353186496
-1534999091
821187178
1581623021
964494629
-2145093708
-1567024384
1985823749
791004226
-1876602333
-2039897919
-1534567133
-1817180589
234421578
-1885803955
-885290351
-665265540
1911663711
28748869
1583896911
1933706218
1576510221
761076706
1199732939
-2131324722
1535317374
-1035521830
-1845677426
-943563664
-1361868203
-1693041787
702823379
-2082235953
1458361743
1581330290
-2087916682
1258331191
73313732
-1369898759
817178489
1330875460
-1944555693
843067670
-1468443617
190042389
-19232520
-232649507
456964969
1238938334
399349666
18059910
1398671751
-1456070911
390743714
-1424211387
1647468873
2108938805
-1339482978
2145880462
-1682161797
-1792787960
824089446
-1623532236
748780589
-376760531
334216985
229538717
482176033
-1167834397
-819855543
1494039509
2126950384
-286125642
-2021148718
1927057555
-880394507
164491139
-1094641508
-1384648536
1262646796
22799189
-1615614160
-1820528448
-480589975
-1181651015
1348694343
194404895
-477845910
-893210561
-610330540
27762247
7546623
-1389768201
-1309235678
-488773455
830929407
1270690481
-49713813
1938723244
-52331879
-832162960
-1287074022
-158596743
-809233544
992708011
1325200112
1343148906
-1587721725
-726358735
801786523
181358246
-1461662698
900487095
-1145011572
-1865942514
1162634183
-1563640624
-1060226105
-1529888492
1959856112
616164765
-1785585019
384921312
-683067398
-1937685535
1325644767
719995407
1408615279
1843127745
826814630
-1753195798
-883409455
1021967959
1447485395
1505450433
2129435910
721906895
324878327
-1617926085
-996502237
653281259
945766234
2117291332
1451944646
-864087743
-810768881
-883595035
-1370763660
-990734265
718562629
-1541028454
1822929694
441300029
-1518926489
-1202820669
-337888648
-384576786
-1780757308
-533105401
-1748251275
-537374796
649081812
996307059
1269370297
1253556737
-552769222
-1551905760
1823479981
234035771
-813885526
1636886829
-15779603
224867004
-1530947454
-1584625123
-69095827
-297048911
-189271865
1334213383
1843131290
-1585331587
-480700070
1805065137
1296832294
1907833500
-1329666631
-570857541
1114067303
-1240198168
512069284
-1395540071
-1099419040
-251948925
1103549252
470580119
-312192731
1801707873
2089822648
-1448238930
404699413
-1002460827
-1809762897
-1885411021
1212863359
1947805792
426613948
159335008
79689218
-2108871224
1548529332
-994452941
-332201849
-279067452
2121835163
267456044
-1219899493
997728473
1982804509
505368653
-1375765409
-725688424
1012527288
1439312039
-910126574
512714816
-988131988
-805213968
1867958942
256616359
1318236779
1685829987
149693381
1906596517
-647072669
546831326
2025217259
-1357613442
1010052443
-1370905662
76364820
946983242
1840571205
-667788477
-1261509813
122339029
1115182868
1710151398
-1849534001
-1612519220
-2081614007
1402167715
-1306801511
663399280
1103307987
-1672996551
784296239
-795784106
2035672409
976192892
-1445047722
725012822
90405631
-83432180
286959538
1338005041
-1131621281
329155733
-441785843
-981430857
1057399852
-1347375369
1009817536
1287073417
-1478633738
303474948
-582315710
-549259594
-1794696820
386417734
286670557
255504123
880735574
-295717378
-767442148
1978739009
427568978
1393144978
754913239
449778455
261552202
-984767343
-1026229931
1141626978
-25812229
1979480842
626743082
-1118913684
-1352736811
-1226069466
553487424
-981167923
-697989943
-103461175
384372619
867205911
-534375373
-1978392401
-1097128999
1463672184
707097574
-1940885736
1653313083
-169321839
-1124757298
-169620761
-1855649851
-36155378
-1235142606
1389744820
-919772564
1885611412
1679082364
1520160846
-1564517480
-1781996027
951978115
-15173744
284666677
386928716
1968260504
113070960
-1321522872
-531062627
-1564907716
-88417545
-1023479888
-683053101
-260688903
2815206
302441291
-755445120
1446076734
1970224599
-641948735
-830923679
-1991723147
-2037324377
-1953113382
112656693
-624927285
-2043054031
-822725947
-1634000837
-1644170524
-1949256214
1925700171
-1219942408
-1848161513
-338286573
-1128134940
515656543
-1403476066
-1185050227
1445884970
-1098399708
-1966345821
-1150685878
1808912192
-1857611439
-1059012092
1529266322
-463697895
1422086928
-1566836602
1635943206
1317824300
945524020
732898152
-1307144489
-2031509194
-1492694734
1702789280
-1355645772
1446929708
-227236697
1195384804
1687877050
-726464655
-1046759664
-118833008
-615548778
-1184463864
1466002966
-1380878840
-1205570403
23047701
799097904
442161492
-848274310
-1245037909
-1743802362
1066948101
-1016036212
1875825777
-995302777
1802829957
-1991640220
-1104758964
1388866417
-563512270
167350059
-492653059
-40834875
-817631981
1731560938
1335545015
-1782580571
-568930192
-1749063940
-2050938606
1514989488
-3470062
-1731244312
-595367618
-2066065921
-1877357242
1305704444
999324566
1538364859
682462462
1601182552
-1579180559
288942280
-55288213
-276191936
1660244547
-1344775996
-654440114
1578981993
-528740071
-521426373
-847221077
503830405
-1492303198
1928062700
1387018572
1236084351
-200861934
-901926127
-886004703
-1142600475
-2058081489
1458524432
1896025929
269324791
42317989
-320149667
789198848
1399521247
203986222
909957378
-1154782491
-1138094787
-1604542475
157124398
366030403
1440413207
1347179972
1307509492
102535383
-1486801013
-1277557015
1946091795
285282129
1107798205
-1582856059
1767788979
2111222007
-524015867
577145287
-1294610966
-357228022
773713021
989188662
1929834071
-334852142
-1655626318
-532513798
1055116775
807183407
-1919022437
-239871939
1029017076
348334765
-121733910
1493928097
2008945197
603346591
1594587231
543283774
187025772
-1274708364
-1185770694
1747202699
1178783893
-287643628
-1066826419
1315290814
557585550
-555493415
-533286038
-742000713
-953800611
734385576
-1906653672
-791286267
1903614856
-1315783666
-325420418
1573259608
-1278330828
-1264086612
-1295084364
2111466992
-513714778
-1686193605
-499153289
-1369429094
-777205430
1294897981
-664350759
736105753
-1759928087
-1541251306
951665435
1184204841
69834506
1447499799
-366186844
954085427
1737990896
-266957329
-1628706572
-2004904846
117970629
-1648328252
1263685534
420673541
-842549577
1941002849
986938116
-1132136212
-1823272672
-323942254
-1752703982
474612056
-501315231
1329935316
-1857213450
626460800
-193445360
1967540822
1550067344
-1522984675
-2022175338
-989321427
1398749364
1612347568
-2009977281
-598333556
1058000091
1830876094
1569236650
1549667841
1886009024
-623533511
1153158886
-113801117
-1932362695
494581826
332509534
946036786
-1739900552
-1072320092
1101630771
673839114
-1225729423
660732156
469777702
1927946584
2092668171
2121874687
-568774815
-2109287132
170566220
1280991207
2049871620
-135322424
-660158304
-171353625
812473544
2137361657
1571727022
-737512041
-1437732781
-1421446995
2076800872
1036111908
-1315852946
321430665
-1736439786
-567517844
-1642870372
-1152737010
-663898830
89523774
1367914803
1582313119
-1292602180
139936980
-508769361
357455756
1140896735
1700610161
-57226600
1423331512
508711098
-1208519995
297216784
1590859518
336709510
1156817116
-1221094400
2131321497
-2030213517
1249731011
-1716908072
1492152885
1237345994
1573830247
-1480386590
-556060468
-1315843809
1457035617
1373565171
-1297403926
-1798676219
1801742858
-1821886660
-382406029
-338807140
-1408840639
392667488
474347632
185735139
1394664333
-227470822
1135967697
1922649315
459830702
-161673608
2120853510
708265360
-1687143569
-1879236636
1590812752
-875216390
1833301433
1973129155
354172256
415779328
387946437
-1971920366
1633882340
791047026
875026225
1553348921
671182045
-1586918709
-1593491633
1169521255
2013490447
895798423
1147314847
-425005839
1413066742
-756630250
-399894048
-652941477
-233697464
-1547260323
423213450
-2050217715
153813600
1956586640
1783893663
884260589
35930568
1711928798
931684287
1173818803
1646460942
-609517208
-1893996189
-459769910
1662474302
656190086
1227364027
1833555098
-575858395
-1427997441
624000532
-1380138641
-1359074681
1342970129
318239669
-980472595
186517489
-1222503521
1355678525
-1882175372
-1500886016
1675405773
-390928237
-983925040
2134592190
2101090340
856320663
-49119914
1600287755
184568609
-532831228
-1665680261
924778131
-1544340987
-1195033954
1596238998
-651314502
1648809885
-1053275349
-679323894
1716118662
-1827043363
-1518469101
-1979975260
-906132599
1375028745
-1111585912
298932542
2013568796
1768224662
39555059
1953654731
1630674168
-905408118
1626961129
653782122
-1562379735
-536564041
-1773993416
1536075117
1871831479
1559640250
1853970946
1995565532
1745490432
-759174832
-402996467
-1639030590
1901552131
-1550121480
655422455
236137345
1636397800
800988277
-2035268419
818200609
1397761676
2106854502
1695604837
-1358084755
496052307
-2139831340
1102617901
1753546321
403582515
1675489867
-482524194
-446621654
-1450102501
-1421260031
147134035
2107881085
-500639420
928823158
1572282277
-125259987
-508778548
-1505048281
1005632812
1170703890
-649461381
1243909690
-1034670317
-1348305920
445946882
1824623446
917382969
1291545695
-1676590075
1371756718
-676290877
1264080148
1460593745
1723686589
-1560618618
1067724497
882019403
-1043059926
-583102924
330041945
1986571319
-603691600
1632409632
563511493
1608952090
-263368336
606112488
-174560523
1474050541
-1637666670
1688401100
1730889381
-1380269510
1202575091
1523501497
666391334
114890785
1319675945
-1436338422
-190689089
-1927954880
-2103049957
-2019610268
-1935652547
867569478
-934741717
-1199114339
-544827678
-1356461202
807296324
-444189786
-1973520835
936552356
502539578
-673460828
107374726
-1366926306
-2016000577
1968964558
-1437187227
16222169
1819052828
-1595561056
-2054163401
-585493349
1075302957
1862983386
-2138606562
1056030793
-1462843909
932762616
-769535855
2035635272
-1726790383
1861138653
1940030222
-1993876294
1114022864
-1696143376
-2082704624
1583177666
2077374632
816041706
888636434
-310164605
-672157892
1528468160
596597384
538708899
-632934575
1257087042
72236808
1239843442
-1521571107
-1485611861
-1672526403
467573004
-746507101
-1111944293
182206564
-199960267
-384644816
2092702441
1158414002
-1184647436
992252673
1817237312
1026673868
-1799081769
1453657178
-1065609578
213797001
1427125898
-2116167132
-197880342
-1108714619
-1774338727
-821350856
60718918
636204696
108498660
677376482
452479457
715981323
-859416013
1567959313
-688457977
-379454198
283748909
-1769388808
1002859727
256808543
1764724236
-404102649
341468322
764524051
-1688663081
-1950436999
1028038381
-591477694
1884209729
1472177789
446060205
775573444
-1586493386
1254298796
659648047
-1661751935
-1281857218
-1855229599
192799444
1764693780
1008706755
-1050770175
-982241334
659601742
1432805277
1446920842
-1064377476
386485549
-1829719942
-1483605145
1269961317
1254542800
508062168
1763739443
449953377
412928096
1991129400
-203697051
1854644605
-162791343
-2079762656
1423321127
590971658
-155658249
1802910804
-1409521049
-1214985561
1124330309
2048564605
-1413946726
730850636
-2072620914
-312228918
-588482557
-624298249
72377999
-112294884
-512954845
148388054
1976607777
-1856543986
-1624637065
1076377858
1050837486
1244587775
-1003495233
272719949
-131381816
1028738407
-824334368
1790667271
2634605
-644267303
234347213
156843109
-1556210206
917941546
-1729379746
-1431551776
-2010736475
-160529396
-609228325
170207957
1959081141
2071750470
1451284067
1280670188
-1538256142
1991756063
-630610761
-2018926610
-1483929796
1699312262
205681352
923754303
1040101754
-1476983723
-179062087
-1078720732
924688381
-409608416
608174184
-567575685
1751815866
-1373466491
1137946675
541966516
1368972110
-1372492642
-145735587
-1310061293
30355564
340111075
-717757456
-219226780
-1144914252
-280630492
1120986878
-1800610647
1588948836
-1403935620
-1860825882
-95473981
-1864926964
-1224880796
-1171743016
704964030
1136942868
-1983895009
-1733051355
-1888124843
1022668230
-568691449
1106235417
1176536244
-1564524592
-445278235
2067967898
1803292876
-2026938282
758165810
-1352467495
-761857414
-1029161856
-208527596
409998480
-2124421561
-433045516
1836968083
-1612280391
-781638077
273497394
1703511226
-1977479328
415547709
1105177217
-1373003139
-953613775
823055705
1027088443
-1133603949
1554982837
610037655
426195044
-1325541472
-2024942606
683308940
-571240599
-1753345008
934248171
1151671200
511818121
-1045182191
-1731323393
-1056572892
-866398110
-150228115
-1217747347
-329025832
1312354864
-1365784420
-2014271781
-927831010
-858590690
-1516236662
-1892318260
-916231390
-590905205
350990707
-2052230714
223938595
1212587097
868948870
-640078270
-1051434172
-1179002097
-1286381365
1466067460
2132814673
-659392784
701283272
-1638621525
-1575644465
1519869414
1648951846
-1507262949
2097653508
-1942405003
33857150
2110936462
1601945035
-528827773
-67069328
697990404
-676625346
-1278996045
-2066339396
790593872
-1336860060
-1447817516
828111795
-1507021695
-1325169396
-751979437
-1243965450
597153565
-2056097840
-1872194985
-1238814487
-591505255
-18011642
-451022470
-1573380801
-406300104
-1980465638
2125705124
-1865614972
1236606213
-385819287
1436124938
-519112569
1593989789
-68205636
-2010491196
1256792817
-1475928858
1567555134
1252792365
-1512881488
1324162511
2033696976
-1073438586
-457444378
584692297
180313188
163209494
-395082969
-2017068566
50455928
106473113
1310407537
-519644817
-1244197217
1715889161
-40946860
-839879963
-1264869632
2021370539
1185130293
-551307646
-637501812
1973261435
-719605013
-1466542601
-1041669869
2118022516
-1320285240
-1566985262
-173368029
-1048876044
-1425892950
1508192204
-962066741
829375687
-2076748833
2101546888
-200893101
1760131185
175414893
-798593198
-814234501
1982049573
-746980152
855203305
-1013951729
-1351792170
-104808669
1432670042
897625602
-1528104915
-93898501
-726932765
-2078399889
-1324123292
-924487799
-1629542775
164923953
-1853152007
-230675799
-1591642499
395174348
-575555821
-1345995619
-727143744
1015944027
519730627
1107699186
1942770027
1119995025
-2057330705
-1264756617
-1176056715
1736044340
-432157110
1141134346
1241519022
-1942038164
1323693880
-741590186
-1066697375
-1437782598
-1944288642
-512423193
-1972459113
-352930089
-773541173
938504110
-474222489
705321710
121571051
261369830
-1722420182
-1973294711
-136663110
-786471913
-108394421
1549868123
-1039957697
46953531
1634839039
1057445766
785663392
-793487695
1221766930
-1376576739
1521060919
-552049272
-1740468315
1487955141
1456435937
-2099914162
1145527724
-2050846015
1675942486
673552350
340667221
-730553401
1912934609
88981779
-329961523
1874274187
1187852109
-225759415
993006998
-1676215719
1534530669
1565958146
-1508141149
-2068175616
497956636
-783260694
1766024126
-1870751914
1735657663
1997945452
-453824534
-1494357401
-152365925
151721147
-1777690075
49824813
505364955
-1528847074
406016757
-1348690556
-502684176
1972275914
-1307236300
616097194
1521593407
-1954670608
1853959785
908091061
610733667
-1984614758
-1120461760
-1794884680
-2066375401
-1783195487
-1500776226
-2070974336
-392520484
-1340056227
-152104866
-14808201
-538286837
-436938772
-1295063835
-1408003899
-1676570608
-2047573840
1010344666
1838330727
392263021
-1146617533
-776190424
-564703450
767796666
-2033406453
964878552
-1071532041
-228946520
-263742588
339470573
-1063972998
-811132819
748826785
-1671047489
1254653450
-794791457
544426073
497732869
-738053911
-697968893
-1389125537
-1722115187
2072336442
-84339308
2011446113
1503286526
-257146435
528245942
-1391480136
-1563595993
431462233
-143531657
1788937064
-1866055627
264145978
1380227979
1750429593
152182778
-64935358
-496344856
436315116
650870042
-1009921897
-281726100
-200811436
-1202890876
1523575978
629068623
783997348
-1698633292
-405648054
-1781689370
-761583675
-89183746
879727852
371994428
832477176
620888179
1356125831
1286696505
1516866449
-1201115194
1778012543
-32386007
-567709961
70459150
1901970110
-1497741747
1211880519
-2058012551
815607343
-382399222
-2084719265
-1851699795
-2030196198
1434748485
-1475935371
-1941807570
704259044
127598461
-1466218917
2146717281
1051007135
1814910047
1992792354
29951854
584023030
580759210
1484075997
-1747654306
-491772233
-313659374
-23236652
1373642599
-426510848
-372117265
1017073724
507673481
-1371828236
741699261
1250328366
-1256869598
1998373300
-765137936
-131976823
-2042229255
-702360342
-1604531611
351255829
334697529
1087639780
-713852304
1370785485
1615457763
756383282
733975568
-940559554
-533596770
-2127216411
104949195
-462994334
651306300
-1690563471
-987028987
-2008930320
-755902118
1898407485
-471410944
-1589161796
148355219
-1080073012
-991663566
1054391257
545012154
-335161106
1327139782
1528586086
-1781397800
1364165092
2126657765
723567586
436444054
255664792
-11651808
-2032219604
-407178725
2145007808
11076697
1634856210
1046941810
1494536164
56628648
-900903021
1550523614
-1824244104
-1022033982
-103007496
-99217775
-170960534
554902223
-466312961
634170593
201976967
720696187
1397239239
1017576171
1298735381
-2028219895
510795104
667166977
990812523
-268903519
-1025701237
1520454116
-825603643
-644331778
1553144078
-996722124
902517649
808984183
369932038
-1636521143
540662415
-870740653
-1104104417
-1919147273
-523482263
990664671
-2008841092
-1253475928
2073004946
-1951248364
-1548547731
1900479775
843856047
1195616891
-299132066
-2009240134
-1992325893
2055190428
-1309243278
473474640
1728450601
190252147
773117774
102655844
-838405820
-211002491
1537957351
-958458038
1089155
1624336388
1727040391
1355575268
-1435741057
1918893671
-745091235
2025908805
1252172598
-1050121687
-1760352272
-960065285
1256573280
1163076018
-1808726189
-2052632500
-503238453
880888170
1210882509
-1574551490
312309972
-944600591
-1418926562
-2142863676
-1400906558
519874211
2013795176
-1820322215
1718393143
-118053339
-2033673699
742900555
869931117
804756981
-1804534977
-1297081756
-354377239
-1543852336
556141025
-184155964
-1280721280
772026521
-1728962760
-605451762
1354220800
1993092582
-388969515
-327267822
-1909386364
1154404254
-1997125593
-147381291
-161406616
1426003849
-132160726
-16466459
2006817012
216873870
-757551115
-1255641798
-1600926
-574721627
-89718097
1973588449
-386967884
-467621247
-460072869
700869418
-1001528368
258152880
-716094256
-2132410967
1927939718
-81867308
-1374026860
801140862
1232457330
1415678851
-1973054701
294802478
-903373118
-281712877
-4293375
1356897254
-764813198
48627053
-421363861
150135129
2061499501
2036758987
-1282994792
-724975130
-1833165678
430769113
-604156117
-1517814424
771432248
-2116568319
1919296385
-540518352
974646302
-1373322454
-1513105295
435328351
-2015642736
-2040712156
122905491
-928767885
-139288640
513792096
824106624
1991215982
1889784102
86671285
-851831810
173452464
-1821445
648715419
2013166812
-793359974
2059749676
-577304092
-1646381337
1512038523
726260630
433881164
-1423575200
1403252921
2052170806
937171617
2102440677
-48300586
-1136756180
940745847
657521688
1924750919
878536304
1792605995
1904436680
-1466647081
25174710
1284553768
693279046
-336877759
893503259
1066085245
-768648432
-1569616141
-1318646360
-605931110
-431918925
1829501933
1789523389
-1271018335
290776745
653843032
-14998384
1927371260
809793671
-892185682
-197341016
-1666687665
-1192145306
-847521766
-1230618583
-56573512
-837471115
-535236082
-38866419
1396519258
-1578493459
308082926
-1340469667
-1770105503
-2044517227
866683086
698648511
-135176598
-1457307956
1127072509
1602070845
-2067854391
-917678453
13070262
-1687121238
-1283231590
-833774396
1370656200
1050361822
216590418
1726302186
-1371711212
-2078698241
-568369986
-107541764
33268735
-201382222
2061384644
-1897106469
547680171
255212767
1746706220
-1484694719
-820303809
480509972
1132634760
-1063886563
-1230425117
256147253
-15697474
1211701573
-1124508691
1214154937
-1882506449
1048101847
-1447931945
1803209147
-911183854
-729752027
247597199
-486611129
1327794586
-1902504928
807410807
-1952608835
798127090
-1081076764
2099732307
-1992519095
-345424694
164248139
30373053
20720657
800213169
-1323152754
-1239329619
-95596509
1120801580
1941387165
1098310851
-99592223
619113986
-1669036357
-667728725
-1882711548
1953817551
-1774370628
-1937374009
938448801
-384189839
-2109974707
476842419
1659774498
-2012179275
1960545866
2127060877
-19286531
-267105884
574505200
-1202267455
1183433581
1199330666
-904569052
-1390645022
1770811577
-1477264880
1072850826
-1202513581
247740597
-1533345513
1429497891
-1486070193
-1992075774
-1648845265
1466681531
1004431958
2080002486
893767802
-967723104
-1609320793
-26739655
-1663792237
-1003127230
-1121070227
1499115173
-666072775
728220193
-1958242693
-1590791222
-356296626
2121218230
174073763
-2144255979
-1001334790
1727230129
277648322
-1639274121
-1284675069
-1955435242
1406799956
-366677716
-145866178
-1211731702
-400346798
-694567101
-98227149
-271717316
-1485875264
1453031277
451721981
-163772642
-1097520968
-589139890
-1035996848
1186180062
-501051485
-241996609
843215739
682484171
-75301623
-822026297
-1455688121
1528550985
-815109847
1618082993
425056685
437798921
-125043313
-2076568769
-1571291306
-751475951
-1756169421
-762397569
-129437571
1298593566
374314903
-2007271218
1616429205
-1665080147
-34898025
651735114
-572864831
-1613459773
1972217361
-345070931
1294162636
-1122477205
1538093122
-508353395
1138946261
-1518115710
1974672633
-1930950433
904367794
-2024811743
-734011328
-162562652
-967726772
1258847807
2041645493
1822217954
1838493572
1912128243
829856221
